timestamp,/load_data_x,/load_data_y,/load_data_z,/joystick_inputs_x,/joystick_inputs_y,/joystick_inputs_z,/video_frames_z,/motor_status_x,/motor_status_y,/motor_status_z
1767723988.5015512,311.788,148.2955,63.985,,,,,,,
1767723988.5178585,,,,0.0,-0.0,0.0,,,,
1767723988.5221794,,,,,,,0,,,
1767723988.5358446,,,,,,,,0.0,6.0,0.0
1767723988.546719,311.788,148.2955,201.9285,,,,,,,
1767723988.5616174,,,,0.0,-0.0,0.0,,,,
1767723988.5679824,,,,,,,1,,,
1767723988.5861776,,,,,,,,0.0,6.0,0.0
1767723988.5978181,159.742,148.2955,203.629,,,,,,,
1767723988.6143205,,,,0.0,-0.0,0.0,,,,
1767723988.621821,,,,,,,2,,,
1767723988.6360722,,,,,,,,0.0,6.0,0.0
1767723988.648883,159.742,148.2955,203.611,,,,,,,
1767723988.6633902,,,,0.0,-0.0,0.0,,,,
1767723988.6676066,,,,,,,3,,,
1767723988.6855733,,,,,,,,0.0,6.0,0.0
1767723988.696612,159.742,148.2955,201.779,,,,,,,
1767723988.7125552,,,,0.0,-0.0,0.0,,,,
1767723988.7181227,,,,,,,4,,,
1767723988.7359304,,,,,,,,0.0,6.0,0.0
1767723988.7471807,159.742,286.255,203.7075,,,,,,,
1767723988.762565,,,,0.0,-0.0,0.0,,,,
1767723988.7667313,,,,,,,5,,,
1767723988.7856936,,,,,,,,0.0,6.0,0.0
1767723988.7960706,159.742,286.255,3719.63,,,,,,,
1767723988.8132732,,,,0.0,-0.0,0.0,,,,
1767723988.8174074,,,,,,,6,,,
1767723988.837468,,,,,,,,0.0,6.0,0.0
1767723988.8468368,159.742,286.255,203.6795,,,,,,,
1767723988.864052,,,,0.0,-0.0,0.0,,,,
1767723988.8671832,,,,,,,7,,,
1767723988.8857756,,,,,,,,0.0,6.0,0.0
1767723988.8962078,159.742,286.255,203.6515,,,,,,,
1767723988.9126163,,,,0.0,-0.0,0.0,,,,
1767723988.9171143,,,,,,,8,,,
1767723988.9353309,,,,,,,,0.0,6.0,0.0
1767723988.94639,159.742,286.232,203.766,,,,,,,
1767723988.9617095,,,,0.0,-0.0,0.0,,,,
1767723988.9673507,,,,,,,9,,,
1767723988.9870925,,,,,,,,0.0,6.0,0.0
1767723988.9980948,159.742,286.232,203.6525,,,,,,,
1767723989.012508,,,,0.0,-0.0,0.0,,,,
1767723989.023669,,,,,,,10,,,
1767723989.0355234,,,,,,,,0.0,6.0,0.0
1767723989.0467253,159.742,286.232,203.592,,,,,,,
1767723989.0627537,,,,0.0,-0.0,0.0,,,,
1767723989.066922,,,,,,,11,,,
1767723989.0856106,,,,,,,,0.0,6.0,0.0
1767723989.0966833,159.742,286.2215,104.642,,,,,,,
1767723989.117107,,,,0.0,-0.0,0.0,,,,
1767723989.1207547,,,,,,,12,,,
1767723989.135984,,,,,,,,0.0,6.0,0.0
1767723989.1472058,159.742,286.2215,104.642,,,,,,,
1767723989.1627786,,,,0.0,-0.0,0.0,,,,
1767723989.1670353,,,,,,,13,,,
1767723989.1859267,,,,,,,,0.0,6.0,0.0
1767723989.1966484,159.742,286.2215,203.6565,,,,,,,
1767723989.2126315,,,,0.0,-0.0,0.0,,,,
1767723989.2195551,,,,,,,14,,,
1767723989.2354565,,,,,,,,0.0,6.0,0.0
1767723989.2492218,159.742,286.2215,218.254,,,,,,,
1767723989.2627616,,,,0.0,-0.0,0.0,,,,
1767723989.266611,,,,,,,15,,,
1767723989.2854156,,,,,,,,0.0,6.0,0.0
1767723989.296066,159.742,286.262,203.625,,,,,,,
1767723989.31595,,,,0.0,-0.0,0.0,,,,
1767723989.3228345,,,,,,,16,,,
1767723989.3356342,,,,,,,,0.0,6.0,0.0
1767723989.3469114,159.742,286.262,203.686,,,,,,,
1767723989.3625543,,,,0.0,-0.0,0.0,,,,
1767723989.3779035,,,,,,,17,,,
1767723989.3860219,,,,,,,,0.0,6.0,0.0
1767723989.3968365,159.742,286.262,203.654,,,,,,,
1767723989.4154232,,,,0.0,-0.0,0.0,,,,
1767723989.4199288,,,,,,,18,,,
1767723989.4354677,,,,,,,,0.0,6.0,0.0
1767723989.446939,159.742,286.255,203.6965,,,,,,,
1767723989.4625823,,,,0.0,-0.0,0.0,,,,
1767723989.46679,,,,,,,19,,,
1767723989.4855127,,,,,,,,0.0,6.0,0.0
1767723989.4974966,159.742,286.255,203.6965,,,,,,,
1767723989.511664,,,,0.0,-0.0,0.0,,,,
1767723989.5192182,,,,,,,20,,,
1767723989.5358534,,,,,,,,0.0,6.0,0.0
1767723989.5493968,464.68,286.255,203.6965,,,,,,,
1767723989.5619533,,,,0.0,-0.0,0.0,,,,
1767723989.5669916,,,,,,,21,,,
1767723989.585767,,,,,,,,0.0,6.0,0.0
1767723989.5970776,464.68,286.255,159.6695,,,,,,,
1767723989.6121175,,,,0.0,-0.0,0.0,,,,
1767723989.6225812,,,,,,,22,,,
1767723989.6355734,,,,,,,,0.0,6.0,0.0
1767723989.647198,464.68,345.763,203.5435,,,,,,,
1767723989.6627553,,,,0.0,-0.0,0.0,,,,
1767723989.6666896,,,,,,,23,,,
1767723989.685428,,,,,,,,0.0,6.0,0.0
1767723989.6961472,311.7735,345.763,203.5435,,,,,,,
1767723989.7123468,,,,0.0,-0.0,0.0,,,,
1767723989.7275827,,,,,,,24,,,
1767723989.7353773,,,,,,,,0.0,6.0,0.0
1767723989.7476978,311.7735,345.763,108.0495,,,,,,,
1767723989.7617757,,,,0.0,-0.0,0.0,,,,
1767723989.7670538,,,,,,,25,,,
1767723989.7855349,,,,,,,,0.0,6.0,0.0
1767723989.7969747,311.7735,345.763,108.0495,,,,,,,
1767723989.8119714,,,,0.0,-0.0,0.0,,,,
1767723989.8178303,,,,,,,26,,,
1767723989.835477,,,,,,,,0.0,6.0,0.0
1767723989.8472104,311.7735,345.763,107.672,,,,,,,
1767723989.8618019,,,,0.0,-0.0,0.0,,,,
1767723989.8670316,,,,,,,27,,,
1767723989.8867526,,,,,,,,0.0,6.0,0.0
1767723989.8970673,311.7735,345.763,203.59,,,,,,,
1767723989.9126434,,,,0.0,-0.0,0.0,,,,
1767723989.9179513,,,,,,,28,,,
1767723989.9353452,,,,,,,,0.0,6.0,0.0
1767723989.946547,311.7735,345.763,203.685,,,,,,,
1767723989.962574,,,,0.0,-0.0,0.0,,,,
1767723989.9668005,,,,,,,29,,,
1767723989.9854238,,,,,,,,0.0,6.0,0.0
1767723989.9974635,311.7735,345.763,203.696,,,,,,,
1767723990.011747,,,,0.0,-0.0,0.0,,,,
1767723990.0175393,,,,,,,30,,,
1767723990.0355182,,,,,,,,0.0,6.0,0.0
1767723990.0475714,311.7735,345.763,203.696,,,,,,,
1767723990.0620687,,,,0.0,-0.0,0.0,,,,
1767723990.0689652,,,,,,,31,,,
1767723990.085884,,,,,,,,0.0,6.0,0.0
1767723990.0975056,311.7735,345.763,107.647,,,,,,,
1767723990.1126282,,,,0.0,-0.0,0.0,,,,
1767723990.1236134,,,,,,,32,,,
1767723990.1354022,,,,,,,,0.0,6.0,0.0
1767723990.1470551,311.7735,345.763,108.046,,,,,,,
1767723990.1665423,,,,0.0,-0.0,0.0,,,,
1767723990.1693916,,,,,,,33,,,
1767723990.1861694,,,,,,,,0.0,6.0,0.0
1767723990.2019827,311.7735,345.763,108.046,,,,,,,
1767723990.213871,,,,0.0,-0.0,0.0,,,,
1767723990.2194602,,,,,,,34,,,
1767723990.2355075,,,,,,,,0.0,6.0,0.0
1767723990.2472746,81.877,345.763,152.69,,,,,,,
1767723990.2651985,,,,0.0,-0.0,0.0,,,,
1767723990.2747695,,,,,,,35,,,
1767723990.2880042,,,,,,,,0.0,6.0,0.0
1767723990.3038702,81.877,345.763,152.69,,,,,,,
1767723990.3130794,,,,0.0,-0.0,0.0,,,,
1767723990.3195612,,,,,,,36,,,
1767723990.3354697,,,,,,,,0.0,6.0,0.0
1767723990.3468852,81.877,345.763,203.595,,,,,,,
1767723990.3618324,,,,0.0,-0.0,0.0,,,,
1767723990.368707,,,,,,,37,,,
1767723990.3869357,,,,,,,,0.0,6.0,0.0
1767723990.403866,81.877,345.763,203.6185,,,,,,,
1767723990.4152858,,,,0.0,-0.0,0.0,,,,
1767723990.4457424,,,,,,,38,,,
1767723990.449611,,,,,,,,0.0,6.0,0.0
1767723990.46455,,,,0.0,-0.0,0.0,,,,
1767723990.4678018,81.877,345.763,203.6185,,,,,,,
1767723990.4872477,,,,,,,,0.0,6.0,0.0
1767723990.5096378,,,,,,,39,,,
1767723990.5122945,,,,0.0,-0.0,0.0,,,,
1767723990.5163825,81.877,345.763,105.8785,,,,,,,
1767723990.5367377,,,,,,,,0.0,6.0,0.0
1767723990.5520952,,,,,,,40,,,
1767723990.564538,81.877,345.763,203.7165,,,,,,,
1767723990.5647354,,,,0.0,-0.0,0.0,,,,
1767723990.5790837,,,,,,,41,,,
1767723990.5870948,,,,,,,,0.0,6.0,0.0
1767723990.6024904,81.877,76.668,203.7165,,,,,,,
1767723990.6125858,,,,0.0,-0.0,0.0,,,,
1767723990.6285932,,,,,,,42,,,
1767723990.637551,,,,,,,,0.0,6.0,0.0
1767723990.6519465,81.877,76.668,12.17,,,,,,,
1767723990.6658282,,,,0.0,-0.0,0.0,,,,
1767723990.6730797,,,,,,,43,,,
1767723990.6870806,,,,,,,,0.0,6.0,0.0
1767723990.698471,81.877,76.668,203.59,,,,,,,
1767723990.712782,,,,0.0,-0.0,0.0,,,,
1767723990.720194,,,,,,,44,,,
1767723990.7354717,,,,,,,,0.0,6.0,0.0
1767723990.7475898,81.877,76.668,152.734,,,,,,,
1767723990.7613456,,,,0.0,-0.0,0.0,,,,
1767723990.7686384,,,,,,,45,,,
1767723990.7854118,,,,,,,,0.0,6.0,0.0
1767723990.7960248,311.8255,76.668,152.734,,,,,,,
1767723990.8117876,,,,0.0,-0.0,0.0,,,,
1767723990.8170004,,,,,,,46,,,
1767723990.835321,,,,,,,,0.0,6.0,0.0
1767723991.1661277,311.8255,76.668,303.1715,,,,,,,
1767723991.1661954,,,,0.0,-0.0,0.0,,,,
1767723991.1662478,,,,,,,47,,,
1767723991.1662915,,,,,,,,0.0,6.0,0.0
1767723991.1663082,311.8255,76.668,203.6845,,,,,,,
1767723991.1663184,,,,0.0,-0.0,0.0,,,,
1767723991.1669216,,,,,,,48,,,
1767723991.1670039,,,,,,,,0.0,6.0,0.0
1767723991.167024,311.8255,76.668,105.9445,,,,,,,
1767723991.1670506,,,,0.0,-0.0,0.0,,,,
1767723991.1673632,,,,,,,49,,,
1767723991.1674848,,,,,,,,0.0,9.0,0.0
1767723991.1675124,311.809,76.668,105.9445,,,,,,,
1767723991.167529,,,,0.0,-0.0,0.0,,,,
1767723991.170647,,,,,,,50,,,
1767723991.1736126,,,,,,,,0.0,9.0,0.0
1767723991.1736915,311.809,76.668,203.1195,,,,,,,
1767723991.1737132,,,,0.0,-0.0,0.0,,,,
1767723991.173814,,,,,,,51,,,
1767723991.1738448,,,,,,,,0.0,12.0,0.0
1767723991.1738591,311.809,76.668,53.79,,,,,,,
1767723991.1738708,,,,0.0,-0.0,0.0,,,,
1767723991.1739485,,,,,,,52,,,
1767723991.173967,,,,,,,,0.0,12.0,0.0
1767723991.17398,311.809,76.668,53.79,,,,,,,
1767723991.1739922,,,,0.0,-0.0,0.0,,,,
1767723991.1897504,,,,,,,53,,,
1767723991.1930096,,,,,,,,0.0,15.0,0.0
1767723991.2072973,311.809,76.668,301.283,,,,,,,
1767723991.2116575,,,,0.0,-0.0,0.0,,,,
1767723991.2194045,,,,,,,54,,,
1767723991.2370675,,,,,,,,0.0,15.0,0.0
1767723991.2474167,311.809,76.668,201.3785,,,,,,,
1767723991.261532,,,,0.0,-0.0,0.0,,,,
1767723991.2699869,,,,,,,55,,,
1767723991.2861714,,,,,,,,0.0,18.0,0.0
1767723991.299065,311.809,76.668,102.0665,,,,,,,
1767723991.3126783,,,,0.0,-0.0,0.0,,,,
1767723991.3187785,,,,,,,56,,,
1767723991.3353848,,,,,,,,0.0,18.0,0.0
1767723991.3476555,311.809,76.668,102.0665,,,,,,,
1767723991.3614821,,,,0.0,-0.0,0.0,,,,
1767723991.37012,,,,,,,57,,,
1767723991.3854682,,,,,,,,0.0,21.0,0.0
1767723991.3983455,311.809,76.668,201.189,,,,,,,
1767723991.4117746,,,,0.0,-0.0,0.0,,,,
1767723991.4195774,,,,,,,58,,,
1767723991.4353523,,,,,,,,0.0,21.0,0.0
1767723991.4476519,311.809,76.668,201.189,,,,,,,
1767723991.461802,,,,0.0,-0.0,0.0,,,,
1767723991.4708395,,,,,,,59,,,
1767723991.4856625,,,,,,,,0.0,24.0,0.0
1767723991.4971652,311.809,76.668,105.628,,,,,,,
1767723991.5120177,,,,0.0,-0.0,0.0,,,,
1767723991.5215988,,,,,,,60,,,
1767723991.5353663,,,,,,,,0.0,24.0,0.0
1767723991.5488687,462.7875,440.4535,201.2635,,,,,,,
1767723991.5615993,,,,0.0,-0.0,0.0,,,,
1767723991.5696843,,,,,,,61,,,
1767723991.5856364,,,,,,,,0.0,27.0,0.0
1767723991.5967956,462.7875,440.4535,150.5045,,,,,,,
1767723991.6116798,,,,0.0,-0.0,0.0,,,,
1767723991.622056,,,,,,,62,,,
1767723991.6353145,,,,,,,,0.0,27.0,0.0
1767723991.6477926,462.7875,440.4535,202.1825,,,,,,,
1767723991.6615214,,,,0.0,-0.0,0.0,,,,
1767723991.6700633,,,,,,,63,,,
1767723991.6853971,,,,,,,,0.0,30.0,0.0
1767723991.6981695,462.7875,321.585,202.1825,,,,,,,
1767723991.7118366,,,,0.0,-0.0,0.0,,,,
1767723991.7198975,,,,,,,64,,,
1767723991.7356906,,,,,,,,0.0,30.0,0.0
1767723991.7501647,462.7875,321.585,202.7185,,,,,,,
1767723991.7614794,,,,0.0,-0.0,0.0,,,,
1767723991.7676663,,,,,,,65,,,
1767723991.7854733,,,,,,,,0.0,33.0,0.0
1767723991.7980354,462.7875,321.585,202.754,,,,,,,
1767723991.811543,,,,0.0,-0.0,0.0,,,,
1767723991.819053,,,,,,,66,,,
1767723991.835635,,,,,,,,0.0,33.0,0.0
1767723991.8475468,462.7875,321.585,202.9595,,,,,,,
1767723991.8617334,,,,0.0,-0.0,0.0,,,,
1767723991.869658,,,,,,,67,,,
1767723991.8854675,,,,,,,,0.0,36.0,0.0
1767723991.8969707,462.7875,329.163,217.922,,,,,,,
1767723991.912089,,,,0.0,-0.0,0.0,,,,
1767723991.9226305,,,,,,,68,,,
1767723991.9353433,,,,,,,,0.0,36.0,0.0
1767723991.9483721,462.7875,329.163,217.922,,,,,,,
1767723991.9618638,,,,0.0,-0.0,0.0,,,,
1767723991.9699996,,,,,,,69,,,
1767723991.985379,,,,,,,,0.0,39.0,0.0
1767723991.9978437,462.7875,329.163,217.922,,,,,,,
1767723992.0118306,,,,0.0,-0.0,0.0,,,,
1767723992.0203981,,,,,,,70,,,
1767723992.035369,,,,,,,,0.0,39.0,0.0
1767723992.0475957,462.7875,336.669,917.2515,,,,,,,
1767723992.0634115,,,,0.0,-0.0,0.0,,,,
1767723992.0692618,,,,,,,71,,,
1767723992.0853865,,,,,,,,0.0,42.0,0.0
1767723992.0971162,309.575,336.669,152.9385,,,,,,,
1767723992.1118386,,,,0.0,-0.0,0.0,,,,
1767723992.12205,,,,,,,72,,,
1767723992.135361,,,,,,,,0.0,42.0,0.0
1767723992.148234,309.575,336.669,152.9385,,,,,,,
1767723992.1615396,,,,0.0,-0.0,0.0,,,,
1767723992.1718194,,,,,,,73,,,
1767723992.1856403,,,,,,,,0.0,45.0,0.0
1767723992.1985645,309.575,336.669,12.2115,,,,,,,
1767723992.2117465,,,,0.0,-0.0,0.0,,,,
1767723992.2222478,,,,,,,74,,,
1767723992.2353446,,,,,,,,0.0,45.0,0.0
1767723992.2498896,310.054,336.669,204.5465,,,,,,,
1767723992.261468,,,,0.0,-0.0,0.0,,,,
1767723992.2704601,,,,,,,75,,,
1767723992.2853794,,,,,,,,0.0,48.0,0.0
1767723992.2984204,310.054,336.669,204.752,,,,,,,
1767723992.3116446,,,,0.0,-0.0,0.0,,,,
1767723992.3215806,,,,,,,76,,,
1767723992.3353584,,,,,,,,0.0,48.0,0.0
1767723992.3488371,310.054,336.669,204.752,,,,,,,
1767723992.3617413,,,,0.0,-0.0,0.0,,,,
1767723992.3684745,,,,,,,77,,,
1767723992.3855367,,,,,,,,0.0,51.0,0.0
1767723992.3977387,310.054,336.669,108.662,,,,,,,
1767723992.4116802,,,,0.0,-0.0,0.0,,,,
1767723992.420966,,,,,,,78,,,
1767723992.435364,,,,,,,,0.0,51.0,0.0
1767723992.4482443,310.5255,336.669,205.3825,,,,,,,
1767723992.461587,,,,0.0,-0.0,0.0,,,,
1767723992.469623,,,,,,,79,,,
1767723992.485415,,,,,,,,0.0,54.0,0.0
1767723992.4983404,310.5255,336.669,205.5835,,,,,,,
1767723992.5117104,,,,0.0,-0.0,0.0,,,,
1767723992.5209877,,,,,,,80,,,
1767723992.5353954,,,,,,,,0.0,54.0,0.0
1767723992.5482795,310.5255,336.669,154.295,,,,,,,
1767723992.5618248,,,,0.0,-0.0,0.0,,,,
1767723992.5721085,,,,,,,81,,,
1767723992.5856469,,,,,,,,0.0,57.0,0.0
1767723992.5980425,310.8745,336.669,154.295,,,,,,,
1767723992.612602,,,,0.0,-0.0,0.0,,,,
1767723992.6243105,,,,,,,82,,,
1767723992.6353314,,,,,,,,0.0,57.0,0.0
1767723992.648383,310.8745,176.6755,109.293,,,,,,,
1767723992.6616387,,,,0.0,-0.0,0.0,,,,
1767723992.6719623,,,,,,,83,,,
1767723992.6854072,,,,,,,,0.0,60.0,0.0
1767723992.6981199,310.8745,176.6755,206.617,,,,,,,
1767723992.7117999,,,,0.0,-0.0,0.0,,,,
1767723992.7208567,,,,,,,84,,,
1767723992.7353666,,,,,,,,0.0,60.0,0.0
1767723992.7500591,311.2,176.6755,206.9135,,,,,,,
1767723992.7612858,,,,0.0,-0.0,0.0,,,,
1767723992.768528,,,,,,,85,,,
1767723992.7856274,,,,,,,,0.0,63.0,0.0
1767723992.7979474,311.2,176.6755,207.0855,,,,,,,
1767723992.8116107,,,,0.0,-0.0,0.0,,,,
1767723992.8206615,,,,,,,86,,,
1767723992.8354063,,,,,,,,0.0,63.0,0.0
1767723992.8476534,311.2,176.6755,207.2815,,,,,,,
1767723992.8617718,,,,0.0,-0.0,0.0,,,,
1767723992.8701723,,,,,,,87,,,
1767723992.8854659,,,,,,,,0.0,66.0,0.0
1767723992.8972816,311.2,176.6755,207.483,,,,,,,
1767723992.9120076,,,,0.0,-0.0,0.0,,,,
1767723992.923034,,,,,,,88,,,
1767723992.9353368,,,,,,,,0.0,66.0,0.0
1767723992.9477043,311.607,176.6755,207.7505,,,,,,,
1767723992.9620507,,,,0.0,-0.0,0.0,,,,
1767723992.9731588,,,,,,,89,,,
1767723992.9853559,,,,,,,,0.0,69.0,0.0
1767723992.9982634,311.607,176.6755,207.7505,,,,,,,
1767723993.0117955,,,,0.0,-0.0,0.0,,,,
1767723993.0222945,,,,,,,90,,,
1767723993.0353475,,,,,,,,0.0,69.0,0.0
1767723993.0503857,311.607,176.6755,207.804,,,,,,,
1767723993.0616775,,,,0.0,-0.0,0.0,,,,
1767723993.0716538,,,,,,,91,,,
1767723993.0854042,,,,,,,,0.0,72.0,0.0
1767723993.096474,312.015,176.6755,219.5835,,,,,,,
1767723993.1140409,,,,0.0,-0.0,0.0,,,,
1767723993.1190362,,,,,,,92,,,
1767723993.1358073,,,,,,,,0.0,72.0,0.0
1767723993.1501126,312.015,176.6755,219.5835,,,,,,,
1767723993.1615365,,,,0.0,-0.0,0.0,,,,
1767723993.1689086,,,,,,,93,,,
1767723993.1853957,,,,,,,,0.0,75.0,0.0
1767723993.1986597,312.015,176.6755,306.7435,,,,,,,
1767723993.2116141,,,,0.0,-0.0,0.0,,,,
1767723993.2208786,,,,,,,94,,,
1767723993.235532,,,,,,,,0.0,75.0,0.0
1767723993.2489417,312.015,176.6755,108.7735,,,,,,,
1767723993.2614698,,,,0.0,-0.0,0.0,,,,
1767723993.267544,,,,,,,95,,,
1767723993.2854867,,,,,,,,0.0,78.0,0.0
1767723993.2967823,312.59,176.6755,108.7735,,,,,,,
1767723993.3120189,,,,0.0,-0.0,0.0,,,,
1767723993.3209653,,,,,,,96,,,
1767723993.335421,,,,,,,,0.0,78.0,0.0
1767723993.3478405,312.59,176.6755,108.7735,,,,,,,
1767723993.3618553,,,,0.0,-0.0,0.0,,,,
1767723993.3685195,,,,,,,97,,,
1767723993.3855016,,,,,,,,0.0,75.0,0.0
1767723993.3968236,312.59,176.6755,106.578,,,,,,,
1767723993.4120634,,,,0.0,-0.0,0.0,,,,
1767723993.4229069,,,,,,,98,,,
1767723993.435389,,,,,,,,0.0,75.0,0.0
1767723993.4499083,312.98,176.6755,206.725,,,,,,,
1767723993.462532,,,,0.0,-0.0,0.0,,,,
1767723993.4710078,,,,,,,99,,,
1767723993.4854934,,,,,,,,0.0,72.0,0.0
1767723993.4990485,312.98,176.6755,206.9615,,,,,,,
1767723993.5123637,,,,0.0,-0.0,0.0,,,,
1767723993.5188673,,,,,,,100,,,
1767723993.5354125,,,,,,,,0.0,72.0,0.0
1767723993.5510058,312.98,176.6755,206.905,,,,,,,
1767723993.5616271,,,,0.0,-0.0,0.0,,,,
1767723993.5703332,,,,,,,101,,,
1767723993.5861788,,,,,,,,0.0,69.0,0.0
1767723993.5973504,312.98,191.371,206.905,,,,,,,
1767723993.6118066,,,,0.0,-0.0,0.0,,,,
1767723993.62178,,,,,,,102,,,
1767723993.6353636,,,,,,,,0.0,69.0,0.0
1767723993.6485908,313.539,191.371,207.092,,,,,,,
1767723993.6619327,,,,0.0,-0.0,0.0,,,,
1767723993.6695642,,,,,,,103,,,
1767723993.6855385,,,,,,,,0.0,66.0,0.0
1767723993.698134,313.539,191.371,207.032,,,,,,,
1767723993.7115216,,,,0.0,-0.0,0.0,,,,
1767723993.7187238,,,,,,,104,,,
1767723993.7357159,,,,,,,,0.0,66.0,0.0
1767723993.748335,313.539,191.371,207.082,,,,,,,
1767723993.7616336,,,,0.0,-0.0,0.0,,,,
1767723993.7669759,,,,,,,105,,,
1767723993.7856023,,,,,,,,0.0,63.0,0.0
1767723993.7972462,313.8075,191.371,207.4595,,,,,,,
1767723993.8115468,,,,0.0,-0.0,0.0,,,,
1767723993.8185742,,,,,,,106,,,
1767723993.8353603,,,,,,,,0.0,63.0,0.0
1767723993.8499393,313.8075,191.371,208.0905,,,,,,,
1767723993.8615396,,,,0.0,-0.0,0.0,,,,
1767723993.866727,,,,,,,107,,,
1767723993.8856325,,,,,,,,0.0,60.0,0.0
1767723993.8967054,313.8075,191.371,208.862,,,,,,,
1767723993.912206,,,,0.0,-0.0,0.0,,,,
1767723993.9227655,,,,,,,108,,,
1767723993.9353638,,,,,,,,0.0,60.0,0.0
1767723993.9476957,314.044,191.371,209.5945,,,,,,,
1767723993.9617698,,,,0.0,-0.0,0.0,,,,
1767723993.9695709,,,,,,,109,,,
1767723993.985512,,,,,,,,0.0,57.0,0.0
1767723993.9965134,314.044,191.371,209.955,,,,,,,
1767723994.0117328,,,,0.0,-0.0,0.0,,,,
1767723994.022839,,,,,,,110,,,
1767723994.0353627,,,,,,,,0.0,57.0,0.0
1767723994.0502083,314.044,191.371,211.178,,,,,,,
1767723994.0615244,,,,0.0,-0.0,0.0,,,,
1767723994.0680184,,,,,,,111,,,
1767723994.085487,,,,,,,,0.0,54.0,0.0
1767723994.0985758,314.044,191.371,211.5655,,,,,,,
1767723994.1116712,,,,0.0,-0.0,0.0,,,,
1767723994.118397,,,,,,,112,,,
1767723994.1356227,,,,,,,,0.0,54.0,0.0
1767723994.152139,314.7755,354.5595,211.5655,,,,,,,
1767723994.1618614,,,,0.0,-0.0,0.0,,,,
1767723994.1670732,,,,,,,113,,,
1767723994.185799,,,,,,,,0.0,51.0,0.0
1767723994.1995335,314.7755,354.5595,213.091,,,,,,,
1767723994.211616,,,,0.0,-0.0,0.0,,,,
1767723994.217832,,,,,,,114,,,
1767723994.2353456,,,,,,,,0.0,51.0,0.0
1767723994.2509942,314.7755,354.5595,213.454,,,,,,,
1767723994.2612734,,,,0.0,-0.0,0.0,,,,
1767723994.2664165,,,,,,,115,,,
1767723994.2853875,,,,,,,,0.0,48.0,0.0
1767723994.2978728,315.764,256.2585,160.6935,,,,,,,
1767723994.3123174,,,,0.0,-0.0,0.0,,,,
1767723994.3190615,,,,,,,116,,,
1767723994.3353536,,,,,,,,0.0,48.0,0.0
1767723994.3476467,315.764,256.2585,638.281,,,,,,,
1767723994.3615265,,,,0.0,-0.0,0.0,,,,
1767723994.3698056,,,,,,,117,,,
1767723994.3854935,,,,,,,,0.0,45.0,0.0
1767723994.3967717,315.764,256.2585,638.281,,,,,,,
1767723994.4119756,,,,0.0,-0.0,0.0,,,,
1767723994.424785,,,,,,,118,,,
1767723994.4353337,,,,,,,,0.0,45.0,0.0
1767723994.4476964,315.764,256.2585,322.293,,,,,,,
1767723994.461825,,,,0.0,-0.0,0.0,,,,
1767723994.4701672,,,,,,,119,,,
1767723994.4853923,,,,,,,,0.0,42.0,0.0
1767723994.497131,316.8125,256.2585,322.293,,,,,,,
1767723994.511836,,,,0.0,-0.0,0.0,,,,
1767723994.522222,,,,,,,120,,,
1767723994.5354037,,,,,,,,0.0,42.0,0.0
1767723994.5483882,316.8125,256.2585,114.6715,,,,,,,
1767723994.5617273,,,,0.0,-0.0,0.0,,,,
1767723994.5682847,,,,,,,121,,,
1767723994.5855749,,,,,,,,0.0,39.0,0.0
1767723994.5975645,316.8125,256.2585,114.6715,,,,,,,
1767723994.6119413,,,,0.0,-0.0,0.0,,,,
1767723994.6208115,,,,,,,122,,,
1767723994.63538,,,,,,,,0.0,39.0,0.0
1767723994.6481407,316.8125,256.2585,217.682,,,,,,,
1767723994.661537,,,,0.0,-0.0,0.0,,,,
1767723994.667124,,,,,,,123,,,
1767723994.6864033,,,,,,,,0.0,36.0,0.0
1767723994.6967115,316.8125,256.2585,218.299,,,,,,,
1767723994.7115777,,,,0.0,-0.0,0.0,,,,
1767723994.7196805,,,,,,,124,,,
1767723994.735611,,,,,,,,0.0,36.0,0.0
1767723994.748939,316.8125,256.2585,218.404,,,,,,,
1767723994.761421,,,,0.0,-0.0,0.0,,,,
1767723994.7673218,,,,,,,125,,,
1767723994.7853425,,,,,,,,0.0,33.0,0.0
1767723994.7968109,316.8125,256.2585,60.565,,,,,,,
1767723994.8118553,,,,0.0,-0.0,0.0,,,,
1767723994.8232987,,,,,,,126,,,
1767723994.8353462,,,,,,,,0.0,33.0,0.0
1767723994.8488655,316.8125,256.2585,164.516,,,,,,,
1767723994.8615825,,,,0.0,-0.0,0.0,,,,
1767723994.8680232,,,,,,,127,,,
1767723994.8857317,,,,,,,,0.0,30.0,0.0
1767723994.8978257,316.8125,256.2585,164.516,,,,,,,
1767723994.9115024,,,,0.0,-0.0,0.0,,,,
1767723994.9219482,,,,,,,128,,,
1767723994.9353836,,,,,,,,0.0,30.0,0.0
1767723994.9493554,316.8125,256.2585,164.516,,,,,,,
1767723994.961387,,,,0.0,-0.0,0.0,,,,
1767723994.968261,,,,,,,129,,,
1767723994.9857657,,,,,,,,0.0,27.0,0.0
1767723994.9981573,316.8125,256.2585,220.1755,,,,,,,
1767723995.0113883,,,,0.0,-0.0,0.0,,,,
1767723995.0193067,,,,,,,130,,,
1767723995.0356774,,,,,,,,0.0,27.0,0.0
1767723995.0490527,162.711,256.2585,220.3495,,,,,,,
1767723995.0615344,,,,0.0,-0.0,0.0,,,,
1767723995.0665045,,,,,,,131,,,
1767723995.0855303,,,,,,,,0.0,24.0,0.0
1767723995.0981493,162.711,256.2585,220.4885,,,,,,,
1767723995.1114562,,,,0.0,-0.0,0.0,,,,
1767723995.1196156,,,,,,,132,,,
1767723995.135767,,,,,,,,0.0,24.0,0.0
1767723995.148463,162.711,256.2585,220.4885,,,,,,,
1767723995.1613455,,,,0.0,-0.0,0.0,,,,
1767723995.1669972,,,,,,,133,,,
1767723995.18577,,,,,,,,0.0,21.0,0.0
1767723995.197393,162.711,256.2585,220.936,,,,,,,
1767723995.2116144,,,,0.0,-0.0,0.0,,,,
1767723995.2210457,,,,,,,134,,,
1767723995.2353454,,,,,,,,0.0,21.0,0.0
1767723995.2506127,162.711,144.2265,220.9635,,,,,,,
1767723995.261601,,,,0.0,-0.0,0.0,,,,
1767723995.267334,,,,,,,135,,,
1767723995.2855256,,,,,,,,0.0,21.0,0.0
1767723995.2967408,162.711,144.2265,220.956,,,,,,,
1767723995.31185,,,,0.0,-0.0,0.0,,,,
1767723995.321673,,,,,,,136,,,
1767723995.335359,,,,,,,,0.0,18.0,0.0
1767723995.3485267,162.711,144.2265,116.4875,,,,,,,
1767723995.3614974,,,,0.0,-0.0,0.0,,,,
1767723995.3682344,,,,,,,137,,,
1767723995.3855026,,,,,,,,0.0,18.0,0.0
1767723995.396497,162.711,144.2265,220.807,,,,,,,
1767723995.4115436,,,,0.0,-0.0,0.0,,,,
1767723995.4229748,,,,,,,138,,,
1767723995.4353461,,,,,,,,0.0,15.0,0.0
1767723995.4487827,162.711,273.362,220.864,,,,,,,
1767723995.4614828,,,,0.0,-0.0,0.0,,,,
1767723995.4699838,,,,,,,139,,,
1767723995.4854696,,,,,,,,0.0,15.0,0.0
1767723995.4981112,162.711,273.362,220.726,,,,,,,
1767723995.511415,,,,0.0,-0.0,0.0,,,,
1767723995.5193388,,,,,,,140,,,
1767723995.5355327,,,,,,,,0.0,12.0,0.0
1767723995.547666,162.711,273.362,219.944,,,,,,,
1767723995.5625842,,,,0.0,-0.0,0.0,,,,
1767723995.5681555,,,,,,,141,,,
1767723995.5854988,,,,,,,,0.0,12.0,0.0
1767723995.5975847,319.987,273.362,219.7005,,,,,,,
1767723995.611519,,,,0.0,-0.0,0.0,,,,
1767723995.6213136,,,,,,,142,,,
1767723995.635386,,,,,,,,0.0,9.0,0.0
1767723995.6471379,319.987,268.062,60.7525,,,,,,,
1767723995.6613152,,,,0.0,-0.0,0.0,,,,
1767723995.667197,,,,,,,143,,,
1767723995.6856177,,,,,,,,0.0,9.0,0.0
1767723995.6969826,319.987,268.062,218.587,,,,,,,
1767723995.7119768,,,,0.0,-0.0,0.0,,,,
1767723995.7234724,,,,,,,144,,,
1767723995.735488,,,,,,,,0.0,6.0,0.0
1767723995.748188,319.977,268.062,218.656,,,,,,,
1767723995.7616692,,,,0.0,-0.0,0.0,,,,
1767723995.767846,,,,,,,145,,,
1767723995.7857077,,,,,,,,0.0,6.0,0.0
1767723995.7972474,319.977,263.3215,217.624,,,,,,,
1767723995.8116791,,,,0.0,-0.0,0.0,,,,
1767723995.8251643,,,,,,,146,,,
1767723995.835664,,,,,,,,0.0,3.0,0.0
1767723995.8489633,319.977,263.3215,217.624,,,,,,,
1767723995.8620524,,,,0.0,-0.0,0.0,,,,
1767723995.8691576,,,,,,,147,,,
1767723995.8858428,,,,,,,,0.0,3.0,0.0
1767723995.8971035,319.541,263.3215,114.4745,,,,,,,
1767723995.9116385,,,,0.0,-0.0,0.0,,,,
1767723995.9216373,,,,,,,148,,,
1767723995.9356074,,,,,,,,0.0,0.0,0.0
1767723995.947343,319.541,258.887,162.257,,,,,,,
1767723995.961758,,,,0.0,-0.0,0.0,,,,
1767723995.9685242,,,,,,,149,,,
1767723995.985762,,,,,,,,0.0,0.0,0.0
1767723995.9976408,319.541,258.887,162.257,,,,,,,
1767723996.0114553,,,,0.0,-0.0,0.0,,,,
1767723996.0190563,,,,,,,150,,,
1767723996.0353649,,,,,,,,0.0,-3.0,0.0
1767723996.0493996,319.541,258.887,113.6615,,,,,,,
1767723996.0613241,,,,0.0,-0.0,0.0,,,,
1767723996.0670335,,,,,,,151,,,
1767723996.0856364,,,,,,,,0.0,-3.0,0.0
1767723996.0975082,318.9975,258.887,215.28,,,,,,,
1767723996.1119158,,,,0.0,-0.0,0.0,,,,
1767723996.1234226,,,,,,,152,,,
1767723996.135726,,,,,,,,0.0,-6.0,0.0
1767723996.1485734,318.9975,255.232,226.669,,,,,,,
1767723996.161692,,,,0.0,-0.0,0.0,,,,
1767723996.1681812,,,,,,,153,,,
1767723996.185924,,,,,,,,0.0,-6.0,0.0
1767723996.1972752,318.9975,255.232,226.669,,,,,,,
1767723996.211581,,,,0.0,-0.0,0.0,,,,
1767723996.2225623,,,,,,,154,,,
1767723996.2354152,,,,,,,,0.0,-9.0,0.0
1767723996.2515776,318.9975,255.232,112.8605,,,,,,,
1767723996.2618642,,,,0.0,-0.0,0.0,,,,
1767723996.2685747,,,,,,,155,,,
1767723996.2857203,,,,,,,,0.0,-9.0,0.0
1767723996.2966998,318.9975,252.0335,213.926,,,,,,,
1767723996.311602,,,,0.0,-0.0,0.0,,,,
1767723996.3227446,,,,,,,156,,,
1767723996.3354578,,,,,,,,0.0,-12.0,0.0
1767723996.3488996,318.9975,252.0335,11.8885,,,,,,,
1767723996.3613763,,,,0.0,-0.0,0.0,,,,
1767723996.3675568,,,,,,,157,,,
1767723996.3859098,,,,,,,,0.0,-12.0,0.0
1767723996.3970177,318.9975,252.0335,11.8885,,,,,,,
1767723996.4115696,,,,0.0,-0.0,0.0,,,,
1767723996.4196572,,,,,,,158,,,
1767723996.4353275,,,,,,,,0.0,-15.0,0.0
1767723996.4489923,318.9975,252.0335,212.823,,,,,,,
1767723996.461302,,,,0.0,-0.0,0.0,,,,
1767723996.4667256,,,,,,,159,,,
1767723996.485731,,,,,,,,0.0,-15.0,0.0
1767723996.4981327,318.9975,249.256,212.3055,,,,,,,
1767723996.511612,,,,0.0,-0.0,0.0,,,,
1767723996.5216272,,,,,,,160,,,
1767723996.5368884,,,,,,,,0.0,-18.0,0.0
1767723996.5496142,318.9975,249.256,212.074,,,,,,,
1767723996.5614746,,,,0.0,-0.0,0.0,,,,
1767723996.568164,,,,,,,161,,,
1767723996.5859342,,,,,,,,0.0,-18.0,0.0
1767723996.5973532,318.9975,249.256,207.9435,,,,,,,
1767723996.6119785,,,,0.0,-0.0,0.0,,,,
1767723996.6228445,,,,,,,162,,,
1767723996.6353488,,,,,,,,0.0,-21.0,0.0
1767723996.6481478,163.1515,247.253,207.9435,,,,,,,
1767723996.6616786,,,,0.0,-0.0,0.0,,,,
1767723996.669072,,,,,,,163,,,
1767723996.6856542,,,,,,,,0.0,-21.0,0.0
1767723996.6967416,163.1515,247.253,207.9435,,,,,,,
1767723996.7116053,,,,0.0,-0.0,0.0,,,,
1767723996.7247024,,,,,,,164,,,
1767723996.735363,,,,,,,,0.0,-24.0,0.0
1767723996.7496142,163.1515,247.253,111.8495,,,,,,,
1767723996.7614124,,,,0.0,-0.0,0.0,,,,
1767723996.768867,,,,,,,165,,,
1767723996.7858846,,,,,,,,0.0,-24.0,0.0
1767723996.7969637,163.1515,247.253,211.9435,,,,,,,
1767723996.8113825,,,,0.0,-0.0,0.0,,,,
1767723996.8192573,,,,,,,166,,,
1767723996.8355422,,,,,,,,0.0,-27.0,0.0
1767723996.8481698,163.1515,247.253,315.72,,,,,,,
1767723996.8613021,,,,0.0,-0.0,0.0,,,,
1767723996.8666258,,,,,,,167,,,
1767723996.8855262,,,,,,,,0.0,-27.0,0.0
1767723996.8973026,163.1515,247.253,315.72,,,,,,,
1767723996.9115953,,,,0.0,-0.0,0.0,,,,
1767723996.9210527,,,,,,,168,,,
1767723996.9353843,,,,,,,,0.0,-30.0,0.0
1767723996.9492793,163.1515,247.253,105.2575,,,,,,,
1767723996.961786,,,,0.0,-0.0,0.0,,,,
1767723996.9684696,,,,,,,169,,,
1767723996.9861746,,,,,,,,0.0,-30.0,0.0
1767723996.997732,163.1515,247.253,211.2395,,,,,,,
1767723997.0115557,,,,0.0,-0.0,0.0,,,,
1767723997.0216417,,,,,,,170,,,
1767723997.0354893,,,,,,,,0.0,-33.0,0.0
1767723997.0477018,163.1515,247.253,210.9595,,,,,,,
1767723997.0613506,,,,0.0,-0.0,0.0,,,,
1767723997.0668743,,,,,,,171,,,
1767723997.0861075,,,,,,,,0.0,-33.0,0.0
1767723997.0982156,163.1515,247.253,210.9635,,,,,,,
1767723997.1117792,,,,0.0,-0.0,0.0,,,,
1767723997.1227496,,,,,,,172,,,
1767723997.1356091,,,,,,,,0.0,-36.0,0.0
1767723997.1490948,163.1515,247.253,158.146,,,,,,,
1767723997.1615808,,,,0.0,-0.0,0.0,,,,
1767723997.1681113,,,,,,,173,,,
1767723997.1866958,,,,,,,,0.0,-36.0,0.0
1767723997.1968784,316.1685,247.253,158.146,,,,,,,
1767723997.2116652,,,,0.0,-0.0,0.0,,,,
1767723997.2229743,,,,,,,174,,,
1767723997.2354813,,,,,,,,0.0,-39.0,0.0
1767723997.2471905,316.1685,132.1765,210.5155,,,,,,,
1767723997.2614691,,,,0.0,-0.0,0.0,,,,
1767723997.2680352,,,,,,,175,,,
1767723997.2865965,,,,,,,,0.0,-39.0,0.0
1767723997.2970054,316.1685,132.1765,210.3735,,,,,,,
1767723997.3115642,,,,0.0,-0.0,0.0,,,,
1767723997.3194697,,,,,,,176,,,
1767723997.3353488,,,,,,,,0.0,-42.0,0.0
1767723997.347706,315.9365,132.1765,210.25,,,,,,,
1767723997.361379,,,,0.0,-0.0,0.0,,,,
1767723997.367517,,,,,,,177,,,
1767723997.3855488,,,,,,,,0.0,-42.0,0.0
1767723997.3980415,315.9365,132.1765,157.5445,,,,,,,
1767723997.4118068,,,,0.0,-0.0,0.0,,,,
1767723997.4213927,,,,,,,178,,,
1767723997.4353585,,,,,,,,0.0,-39.0,0.0
1767723997.4478629,315.9365,132.1765,157.5445,,,,,,,
1767723997.4615417,,,,0.0,-0.0,0.0,,,,
1767723997.4685473,,,,,,,179,,,
1767723997.4855847,,,,,,,,0.0,-39.0,0.0
1767723997.4970498,315.9365,132.1765,11.9295,,,,,,,
1767723997.5115273,,,,0.0,-0.0,0.0,,,,
1767723997.522394,,,,,,,180,,,
1767723997.535355,,,,,,,,0.0,-36.0,0.0
1767723997.5485086,315.9365,132.1765,209.554,,,,,,,
1767723997.561562,,,,0.0,-0.0,0.0,,,,
1767723997.5680227,,,,,,,181,,,
1767723997.5861154,,,,,,,,0.0,-36.0,0.0
1767723997.5966406,315.9365,132.1765,209.468,,,,,,,
1767723997.6131976,,,,0.0,-0.0,0.0,,,,
1767723997.6246996,,,,,,,182,,,
1767723997.6357162,,,,,,,,0.0,-33.0,0.0
1767723997.647365,315.9365,132.1765,209.468,,,,,,,
1767723997.6615217,,,,0.0,-0.0,0.0,,,,
1767723997.6677198,,,,,,,183,,,
1767723997.6855671,,,,,,,,0.0,-33.0,0.0
1767723997.6977227,315.9365,132.1765,209.468,,,,,,,
1767723997.7117832,,,,0.0,-0.0,0.0,,,,
1767723997.7195606,,,,,,,184,,,
1767723997.735378,,,,,,,,0.0,-30.0,0.0
1767723997.7474995,315.9365,132.1765,209.404,,,,,,,
1767723997.7613337,,,,0.0,-0.0,0.0,,,,
1767723997.7677503,,,,,,,185,,,
1767723997.7860918,,,,,,,,0.0,-30.0,0.0
1767723997.798963,315.9365,132.1765,207.798,,,,,,,
1767723997.8116078,,,,0.0,-0.0,0.0,,,,
1767723997.8211594,,,,,,,186,,,
1767723997.8353398,,,,,,,,0.0,-27.0,0.0
1767723997.8483496,315.9365,132.1765,207.798,,,,,,,
1767723997.8615944,,,,0.0,-0.0,0.0,,,,
1767723997.867549,,,,,,,187,,,
1767723997.8860688,,,,,,,,0.0,-27.0,0.0
1767723997.897307,315.9365,132.1765,110.1465,,,,,,,
1767723997.911556,,,,0.0,-0.0,0.0,,,,
1767723997.9223487,,,,,,,188,,,
1767723997.9353707,,,,,,,,0.0,-24.0,0.0
1767723997.9483979,315.9365,132.1765,208.4135,,,,,,,
1767723997.9615085,,,,0.0,-0.0,0.0,,,,
1767723997.9677904,,,,,,,189,,,
1767723997.9863193,,,,,,,,0.0,-24.0,0.0
1767723997.9966655,315.9365,132.1765,208.242,,,,,,,
1767723998.011606,,,,0.0,-0.0,0.0,,,,
1767723998.0206444,,,,,,,190,,,
1767723998.0356472,,,,,,,,0.0,-21.0,0.0
1767723998.0478535,315.9365,132.1765,208.242,,,,,,,
1767723998.0612555,,,,0.0,-0.0,0.0,,,,
1767723998.0668411,,,,,,,191,,,
1767723998.085496,,,,,,,,0.0,-21.0,0.0
1767723998.0975184,315.9365,132.1765,207.9055,,,,,,,
1767723998.111525,,,,0.0,-0.0,0.0,,,,
1767723998.1193283,,,,,,,192,,,
1767723998.1353748,,,,,,,,0.0,-18.0,0.0
1767723998.1482043,315.9365,132.1765,207.694,,,,,,,
1767723998.1615565,,,,0.0,-0.0,0.0,,,,
1767723998.1696792,,,,,,,193,,,
1767723998.1854804,,,,,,,,0.0,-18.0,0.0
1767723998.1982553,315.9365,128.443,207.4505,,,,,,,
1767723998.211703,,,,0.0,-0.0,0.0,,,,
1767723998.2236302,,,,,,,194,,,
1767723998.2353604,,,,,,,,0.0,-15.0,0.0
1767723998.248873,315.9365,128.443,207.4155,,,,,,,
1767723998.2616022,,,,0.0,-0.0,0.0,,,,
1767723998.2679245,,,,,,,195,,,
1767723998.2855372,,,,,,,,0.0,-15.0,0.0
1767723998.297226,161.2325,128.443,207.4155,,,,,,,
1767723998.3115017,,,,0.0,-0.0,0.0,,,,
1767723998.3211393,,,,,,,196,,,
1767723998.3354015,,,,,,,,0.0,-12.0,0.0
1767723998.3499534,161.2325,128.443,207.4155,,,,,,,
1767723998.361921,,,,0.0,-0.0,0.0,,,,
1767723998.3679621,,,,,,,197,,,
1767723998.3859441,,,,,,,,0.0,-12.0,0.0
1767723998.398102,161.2325,128.443,207.4155,,,,,,,
1767723998.4113548,,,,0.0,-0.0,0.0,,,,
1767723998.4178388,,,,,,,198,,,
1767723998.4353726,,,,,,,,0.0,-9.0,0.0
1767723998.4478242,314.4505,128.443,207.4155,,,,,,,
1767723998.46154,,,,0.0,-0.0,0.0,,,,
1767723998.4695487,,,,,,,199,,,
1767723998.485481,,,,,,,,0.0,-9.0,0.0
1767723998.4976943,314.4505,128.443,206.6685,,,,,,,
1767723998.51155,,,,0.0,-0.0,0.0,,,,
1767723998.520667,,,,,,,200,,,
1767723998.5354052,,,,,,,,0.0,-6.0,0.0
1767723998.5490737,314.4505,128.443,205.782,,,,,,,
1767723998.561458,,,,0.0,-0.0,0.0,,,,
1767723998.5687973,,,,,,,201,,,
1767723998.5856204,,,,,,,,0.0,-6.0,0.0
1767723998.597172,314.4505,128.443,108.6775,,,,,,,
1767723998.6115425,,,,0.0,-0.0,0.0,,,,
1767723998.6227162,,,,,,,202,,,
1767723998.6353567,,,,,,,,0.0,-3.0,0.0
1767723998.6480103,314.0345,128.443,204.899,,,,,,,
1767723998.6615145,,,,0.0,-0.0,0.0,,,,
1767723998.667362,,,,,,,203,,,
1767723998.6857045,,,,,,,,0.0,-3.0,0.0
1767723998.6964853,314.0345,128.443,218.633,,,,,,,
1767723998.7116191,,,,0.0,-0.0,0.0,,,,
1767723998.7216785,,,,,,,204,,,
1767723998.7355387,,,,,,,,0.0,0.0,0.0
1767723998.748074,314.0345,269.2965,218.633,,,,,,,
1767723998.761621,,,,0.0,-0.0,0.0,,,,
1767723998.768692,,,,,,,205,,,
1767723998.7866704,,,,,,,,0.0,0.0,0.0
1767723998.7974937,313.5045,269.2965,107.903,,,,,,,
1767723998.8116682,,,,0.0,-0.0,0.0,,,,
1767723998.8210871,,,,,,,206,,,
1767723998.8353765,,,,,,,,0.0,3.0,0.0
1767723998.8467622,313.5045,269.2965,203.3165,,,,,,,
1767723998.861406,,,,0.0,-0.0,0.0,,,,
1767723998.868854,,,,,,,207,,,
1767723998.8855076,,,,,,,,0.0,3.0,0.0
1767723998.8979194,313.5045,269.2965,107.41,,,,,,,
1767723998.911642,,,,0.0,-0.0,0.0,,,,
1767723998.921682,,,,,,,208,,,
1767723998.9353487,,,,,,,,0.0,6.0,0.0
1767723998.9473927,313.5045,277.218,107.41,,,,,,,
1767723998.9613862,,,,0.0,-0.0,0.0,,,,
1767723998.9686055,,,,,,,209,,,
1767723998.9855242,,,,,,,,0.0,6.0,0.0
1767723998.9989974,312.885,277.218,202.4005,,,,,,,
1767723999.0116727,,,,0.0,-0.0,0.0,,,,
1767723999.021071,,,,,,,210,,,
1767723999.03534,,,,,,,,0.0,9.0,0.0
1767723999.0490444,312.885,277.218,202.4005,,,,,,,
1767723999.0618184,,,,0.0,-0.0,0.0,,,,
1767723999.0685694,,,,,,,211,,,
1767723999.0854154,,,,,,,,0.0,9.0,0.0
1767723999.096977,312.885,285.3145,107.5035,,,,,,,
1767723999.111727,,,,0.0,-0.0,0.0,,,,
1767723999.1212733,,,,,,,212,,,
1767723999.135386,,,,,,,,0.0,12.0,0.0
1767723999.1485584,312.2955,285.3145,1450.4635,,,,,,,
1767723999.1616168,,,,0.0,-0.0,0.0,,,,
1767723999.1693933,,,,,,,213,,,
1767723999.1855438,,,,,,,,0.0,12.0,0.0
1767723999.1970973,312.2955,285.3145,202.3755,,,,,,,
1767723999.211526,,,,0.0,-0.0,0.0,,,,
1767723999.2206829,,,,,,,214,,,
1767723999.2353497,,,,,,,,0.0,15.0,0.0
1767723999.2475145,312.2955,285.3145,12.5105,,,,,,,
1767723999.2614973,,,,0.0,-0.0,0.0,,,,
1767723999.2692933,,,,,,,215,,,
1767723999.2853959,,,,,,,,0.0,15.0,0.0
1767723999.297806,311.5795,293.2205,12.5105,,,,,,,
1767723999.3116126,,,,0.0,-0.0,0.0,,,,
1767723999.3207052,,,,,,,216,,,
1767723999.3353767,,,,,,,,0.0,18.0,0.0
1767723999.3472404,311.5795,293.2205,201.943,,,,,,,
1767723999.3617237,,,,0.0,-0.0,0.0,,,,
1767723999.3697171,,,,,,,217,,,
1767723999.3854263,,,,,,,,0.0,18.0,0.0
1767723999.3972433,311.5795,293.2205,201.611,,,,,,,
1767723999.411902,,,,0.0,-0.0,0.0,,,,
1767723999.4239216,,,,,,,218,,,
1767723999.4355917,,,,,,,,0.0,21.0,0.0
1767723999.4470215,311.5795,293.2205,106.718,,,,,,,
1767723999.4615657,,,,0.0,-0.0,0.0,,,,
1767723999.468788,,,,,,,219,,,
1767723999.4854896,,,,,,,,0.0,21.0,0.0
1767723999.4974263,310.8685,293.2205,106.718,,,,,,,
1767723999.5114143,,,,0.0,-0.0,0.0,,,,
1767723999.5226564,,,,,,,220,,,
1767723999.5354147,,,,,,,,0.0,24.0,0.0
1767723999.5488982,310.8685,293.2205,200.975,,,,,,,
1767723999.561392,,,,0.0,-0.0,0.0,,,,
1767723999.5675988,,,,,,,221,,,
1767723999.5863326,,,,,,,,0.0,24.0,0.0
1767723999.598361,310.8685,293.2205,201.483,,,,,,,
1767723999.6116292,,,,0.0,-0.0,0.0,,,,
1767723999.620865,,,,,,,222,,,
1767723999.6353712,,,,,,,,0.0,27.0,0.0
1767723999.6483676,310.18,293.2205,201.243,,,,,,,
1767723999.66202,,,,0.0,-0.0,0.0,,,,
1767723999.6695673,,,,,,,223,,,
1767723999.6855018,,,,,,,,0.0,27.0,0.0
1767723999.6989138,310.18,293.2205,201.533,,,,,,,
1767723999.711812,,,,0.0,-0.0,0.0,,,,
1767723999.721734,,,,,,,224,,,
1767723999.7353776,,,,,,,,0.0,30.0,0.0
1767723999.747191,310.18,293.2205,301.0255,,,,,,,
1767723999.7615824,,,,0.0,-0.0,0.0,,,,
1767723999.768625,,,,,,,225,,,
1767723999.78542,,,,,,,,0.0,30.0,0.0
1767723999.7986689,310.18,293.2205,202.005,,,,,,,
1767723999.8115802,,,,0.0,-0.0,0.0,,,,
1767723999.8232703,,,,,,,226,,,
1767723999.835334,,,,,,,,0.0,33.0,0.0
1767723999.8477118,309.971,211.103,200.7315,,,,,,,
1767723999.8617005,,,,0.0,-0.0,0.0,,,,
1767723999.8685021,,,,,,,227,,,
1767723999.8856227,,,,,,,,0.0,33.0,0.0
1767723999.897242,309.971,211.103,200.7315,,,,,,,
1767723999.9115348,,,,0.0,-0.0,0.0,,,,
1767723999.921815,,,,,,,228,,,
1767723999.9354856,,,,,,,,0.0,36.0,0.0
1767723999.9485552,309.971,211.103,200.7315,,,,,,,
1767723999.961887,,,,0.0,-0.0,0.0,,,,
1767723999.970574,,,,,,,229,,,
1767723999.9854863,,,,,,,,0.0,36.0,0.0
1767723999.996753,310.0475,211.103,202.5835,,,,,,,
1767724000.0113897,,,,0.0,-0.0,0.0,,,,
1767724000.0205104,,,,,,,230,,,
1767724000.0353923,,,,,,,,0.0,39.0,0.0
1767724000.047379,310.0475,211.103,202.7015,,,,,,,
1767724000.0618553,,,,0.0,-0.0,0.0,,,,
1767724000.070493,,,,,,,231,,,
1767724000.0853672,,,,,,,,0.0,39.0,0.0
1767724000.0981278,310.0475,211.103,202.974,,,,,,,
1767724000.1118975,,,,0.0,-0.0,0.0,,,,
1767724000.122375,,,,,,,232,,,
1767724000.135347,,,,,,,,0.0,42.0,0.0
1767724000.147675,310.0475,211.103,203.283,,,,,,,
1767724000.1618047,,,,0.0,-0.0,0.0,,,,
1767724000.1698008,,,,,,,233,,,
1767724000.1855218,,,,,,,,0.0,42.0,0.0
1767724000.1978214,310.0475,211.103,203.283,,,,,,,
1767724000.2115479,,,,0.0,-0.0,0.0,,,,
1767724000.2208557,,,,,,,234,,,
1767724000.2354753,,,,,,,,0.0,45.0,0.0
1767724000.248689,310.0475,211.103,107.6915,,,,,,,
1767724000.261619,,,,0.0,-0.0,0.0,,,,
1767724000.2695997,,,,,,,235,,,
1767724000.2853804,,,,,,,,0.0,45.0,0.0
1767724000.298247,310.0475,211.103,203.842,,,,,,,
1767724000.3115156,,,,0.0,-0.0,0.0,,,,
1767724000.3204775,,,,,,,236,,,
1767724000.3353608,,,,,,,,0.0,48.0,0.0
1767724000.3473074,310.0475,211.103,204.0945,,,,,,,
1767724000.3619056,,,,0.0,-0.0,0.0,,,,
1767724000.3704998,,,,,,,237,,,
1767724000.3857841,,,,,,,,0.0,48.0,0.0
1767724000.3977323,310.0475,341.39,204.23,,,,,,,
1767724000.4118037,,,,0.0,-0.0,0.0,,,,
1767724000.42141,,,,,,,238,,,
1767724000.4353607,,,,,,,,0.0,51.0,0.0
1767724000.4480195,310.0475,341.39,204.4925,,,,,,,
1767724000.4631383,,,,0.0,-0.0,0.0,,,,
1767724000.4705143,,,,,,,239,,,
1767724000.4854033,,,,,,,,0.0,51.0,0.0
1767724000.4989338,310.0475,341.39,153.4495,,,,,,,
1767724000.5114908,,,,0.0,-0.0,0.0,,,,
1767724000.5203047,,,,,,,240,,,
1767724000.53538,,,,,,,,0.0,54.0,0.0
1767724000.5495422,159.0395,341.39,153.4495,,,,,,,
1767724000.5619698,,,,0.0,-0.0,0.0,,,,
1767724000.5690057,,,,,,,241,,,
1767724000.5855534,,,,,,,,0.0,54.0,0.0
1767724000.597803,159.0395,347.6465,153.4495,,,,,,,
1767724000.6114924,,,,0.0,-0.0,0.0,,,,
1767724000.6246746,,,,,,,242,,,
1767724000.635338,,,,,,,,0.0,57.0,0.0
1767724000.6489415,159.0395,347.6465,205.337,,,,,,,
1767724000.6625772,,,,0.0,-0.0,0.0,,,,
1767724000.667982,,,,,,,243,,,
1767724000.6856387,,,,,,,,0.0,57.0,0.0
1767724000.6974552,159.0395,347.6465,154.306,,,,,,,
1767724000.7116485,,,,0.0,-0.0,0.0,,,,
1767724000.7191541,,,,,,,244,,,
1767724000.7353384,,,,,,,,0.0,60.0,0.0
1767724000.7480392,159.0395,347.6465,154.306,,,,,,,
1767724000.7618186,,,,0.0,-0.0,0.0,,,,
1767724000.7688875,,,,,,,245,,,
1767724000.7854176,,,,,,,,0.0,60.0,0.0
1767724000.7977438,159.0395,347.6465,12.3155,,,,,,,
1767724000.8116317,,,,0.0,-0.0,0.0,,,,
1767724000.8212714,,,,,,,246,,,
1767724000.8353183,,,,,,,,0.0,63.0,0.0
1767724000.8470125,159.0395,347.6465,206.405,,,,,,,
1767724000.861984,,,,0.0,-0.0,0.0,,,,
1767724000.8723326,,,,,,,247,,,
1767724000.8853164,,,,,,,,0.0,63.0,0.0
1767724000.8972745,159.0395,347.6465,206.671,,,,,,,
1767724000.911511,,,,0.0,-0.0,0.0,,,,
1767724000.9220011,,,,,,,248,,,
1767724000.935328,,,,,,,,0.0,66.0,0.0
1767724000.9485602,159.0395,347.6465,206.671,,,,,,,
1767724000.9618778,,,,0.0,-0.0,0.0,,,,
1767724000.9693244,,,,,,,249,,,
1767724000.985504,,,,,,,,0.0,66.0,0.0
1767724000.9985504,159.0395,347.6465,206.671,,,,,,,
1767724001.0115125,,,,0.0,-0.0,0.0,,,,
1767724001.0185008,,,,,,,250,,,
1767724001.0354714,,,,,,,,0.0,69.0,0.0
1767724001.0491061,159.0395,347.6465,207.433,,,,,,,
1767724001.0618114,,,,0.0,-0.0,0.0,,,,
1767724001.0683913,,,,,,,251,,,
1767724001.0856426,,,,,,,,0.0,69.0,0.0
1767724001.097631,312.335,347.6465,206.5405,,,,,,,
1767724001.1115994,,,,0.0,-0.0,0.0,,,,
1767724001.1195896,,,,,,,252,,,
1767724001.1353505,,,,,,,,0.0,72.0,0.0
1767724001.146547,312.335,93.185,206.584,,,,,,,
1767724001.161915,,,,0.0,-0.0,0.0,,,,
1767724001.17084,,,,,,,253,,,
1767724001.1862519,,,,,,,,0.0,72.0,0.0
1767724001.1970747,312.335,93.185,206.684,,,,,,,
1767724001.2119288,,,,0.0,-0.0,0.0,,,,
1767724001.2209287,,,,,,,254,,,
1767724001.235354,,,,,,,,0.0,75.0,0.0
1767724001.247305,312.335,93.185,206.8195,,,,,,,
1767724001.2619112,,,,0.0,-0.0,0.0,,,,
1767724001.2712922,,,,,,,255,,,
1767724001.285357,,,,,,,,0.0,75.0,0.0
1767724001.298554,312.7615,93.185,207.008,,,,,,,
1767724001.311776,,,,0.0,-0.0,0.0,,,,
1767724001.3203804,,,,,,,256,,,
1767724001.3353384,,,,,,,,0.0,72.0,0.0
1767724001.3476436,312.7615,93.185,207.446,,,,,,,
1767724001.361739,,,,0.0,-0.0,0.0,,,,
1767724001.3705707,,,,,,,257,,,
1767724001.3855178,,,,,,,,0.0,72.0,0.0
1767724001.397544,312.7615,93.185,57.6365,,,,,,,
1767724001.4115756,,,,0.0,-0.0,0.0,,,,
1767724001.4200342,,,,,,,258,,,
1767724001.4353325,,,,,,,,0.0,69.0,0.0
1767724001.4483764,313.1745,93.185,57.6365,,,,,,,
1767724001.4616084,,,,0.0,-0.0,0.0,,,,
1767724001.4688938,,,,,,,259,,,
1767724001.4854739,,,,,,,,0.0,69.0,0.0
1767724001.4969995,313.1745,93.185,207.911,,,,,,,
1767724001.5116944,,,,0.0,-0.0,0.0,,,,
1767724001.5205739,,,,,,,260,,,
1767724001.535364,,,,,,,,0.0,69.0,0.0
1767724001.5480924,313.1745,93.185,207.9595,,,,,,,
1767724001.5617921,,,,0.0,-0.0,0.0,,,,
1767724001.5692399,,,,,,,261,,,
1767724001.5853937,,,,,,,,0.0,66.0,0.0
1767724001.5976882,313.696,93.185,207.9575,,,,,,,
1767724001.6116962,,,,0.0,-0.0,0.0,,,,
1767724001.6212997,,,,,,,262,,,
1767724001.6353264,,,,,,,,0.0,66.0,0.0
1767724001.6469395,313.696,93.185,208.0045,,,,,,,
1767724001.6617484,,,,0.0,-0.0,0.0,,,,
1767724001.6709425,,,,,,,263,,,
1767724001.685327,,,,,,,,0.0,63.0,0.0
1767724001.6978128,313.696,368.0795,208.021,,,,,,,
1767724001.7117362,,,,0.0,-0.0,0.0,,,,
1767724001.7216759,,,,,,,264,,,
1767724001.7353127,,,,,,,,0.0,63.0,0.0
1767724001.7471404,313.696,368.0795,208.322,,,,,,,
1767724001.7622716,,,,0.0,-0.0,0.0,,,,
1767724001.7738945,,,,,,,265,,,
1767724001.7855275,,,,,,,,0.0,60.0,0.0
1767724001.7972045,313.883,368.0795,209.1755,,,,,,,
1767724001.8115172,,,,0.0,-0.0,0.0,,,,
1767724001.8213372,,,,,,,266,,,
1767724001.8353798,,,,,,,,0.0,60.0,0.0
1767724001.848465,313.883,368.0795,209.9195,,,,,,,
1767724001.8634722,,,,0.0,-0.0,0.0,,,,
1767724001.8698952,,,,,,,267,,,
1767724001.8853488,,,,,,,,0.0,57.0,0.0
1767724001.8978224,313.883,364.677,210.56,,,,,,,
1767724001.911507,,,,0.0,-0.0,0.0,,,,
1767724001.9209292,,,,,,,268,,,
1767724001.9354236,,,,,,,,0.0,57.0,0.0
1767724001.9480445,314.154,364.677,210.7195,,,,,,,
1767724001.9618502,,,,0.0,-0.0,0.0,,,,
1767724001.9701297,,,,,,,269,,,
1767724001.9854069,,,,,,,,0.0,54.0,0.0
1767724001.997013,314.154,364.677,211.6695,,,,,,,
1767724002.0116918,,,,0.0,-0.0,0.0,,,,
1767724002.0195746,,,,,,,270,,,
1767724002.0353327,,,,,,,,0.0,54.0,0.0
1767724002.047561,314.154,352.366,212.123,,,,,,,
1767724002.0616846,,,,0.0,-0.0,0.0,,,,
1767724002.0697262,,,,,,,271,,,
1767724002.0853417,,,,,,,,0.0,51.0,0.0
1767724002.099208,314.154,352.366,212.123,,,,,,,
1767724002.1117926,,,,0.0,-0.0,0.0,,,,
1767724002.1200633,,,,,,,272,,,
1767724002.1353307,,,,,,,,0.0,51.0,0.0
1767724002.1464915,314.984,352.366,112.471,,,,,,,
1767724002.1619782,,,,0.0,-0.0,0.0,,,,
1767724002.1719434,,,,,,,273,,,
1767724002.1853251,,,,,,,,0.0,48.0,0.0
1767724002.1979072,314.984,352.366,213.872,,,,,,,
1767724002.2119248,,,,0.0,-0.0,0.0,,,,
1767724002.222008,,,,,,,274,,,
1767724002.23556,,,,,,,,0.0,48.0,0.0
1767724002.2475715,314.984,337.8275,112.857,,,,,,,
1767724002.2616808,,,,0.0,-0.0,0.0,,,,
1767724002.268894,,,,,,,275,,,
1767724002.2855449,,,,,,,,0.0,45.0,0.0
1767724002.2990665,315.8225,337.8275,112.857,,,,,,,
1767724002.3113956,,,,0.0,-0.0,0.0,,,,
1767724002.3169127,,,,,,,276,,,
1767724002.335381,,,,,,,,0.0,45.0,0.0
1767724002.347522,315.8225,337.8275,216.384,,,,,,,
1767724002.3616478,,,,0.0,-0.0,0.0,,,,
1767724002.3683798,,,,,,,277,,,
1767724002.3854012,,,,,,,,0.0,42.0,0.0
1767724002.3990982,315.8225,326.133,216.4575,,,,,,,
1767724002.4116192,,,,0.0,-0.0,0.0,,,,
1767724002.4196155,,,,,,,278,,,
1767724002.4353368,,,,,,,,0.0,42.0,0.0
1767724002.4476435,316.967,326.133,216.7085,,,,,,,
1767724002.4619749,,,,0.0,-0.0,0.0,,,,
1767724002.4728415,,,,,,,279,,,
1767724002.4853368,,,,,,,,0.0,39.0,0.0
1767724002.4988732,316.967,326.133,217.012,,,,,,,
1767724002.5116873,,,,0.0,-0.0,0.0,,,,
1767724002.5205083,,,,,,,280,,,
1767724002.535598,,,,,,,,0.0,39.0,0.0
1767724002.549723,316.967,326.133,217.7585,,,,,,,
1767724002.5627449,,,,0.0,-0.0,0.0,,,,
1767724002.568737,,,,,,,281,,,
1767724002.5855563,,,,,,,,0.0,36.0,0.0
1767724002.5995052,316.967,326.133,218.041,,,,,,,
1767724002.6113317,,,,0.0,-0.0,0.0,,,,
1767724002.6206992,,,,,,,282,,,
1767724002.6357627,,,,,,,,0.0,36.0,0.0
1767724002.64653,318.2,326.133,218.2745,,,,,,,
1767724002.6615522,,,,0.0,-0.0,0.0,,,,
1767724002.6698062,,,,,,,283,,,
1767724002.685317,,,,,,,,0.0,33.0,0.0
1767724002.6986172,318.2,326.133,218.6875,,,,,,,
1767724002.7113903,,,,0.0,-0.0,0.0,,,,
1767724002.7169065,,,,,,,284,,,
1767724002.7355235,,,,,,,,0.0,33.0,0.0
1767724002.746962,318.2,326.133,218.6875,,,,,,,
1767724002.7626295,,,,0.0,-0.0,0.0,,,,
1767724002.772505,,,,,,,285,,,
1767724002.785279,,,,,,,,0.0,30.0,0.0
1767724002.797591,318.2,326.133,115.34,,,,,,,
1767724002.8116753,,,,0.0,-0.0,0.0,,,,
1767724002.8196266,,,,,,,286,,,
1767724002.8353746,,,,,,,,0.0,30.0,0.0
1767724002.8468316,318.2,326.133,219.299,,,,,,,
1767724002.8628213,,,,0.0,-0.0,0.0,,,,
1767724002.8721766,,,,,,,287,,,
1767724002.8853211,,,,,,,,0.0,27.0,0.0
1767724002.898368,318.2,326.133,219.469,,,,,,,
1767724002.9118776,,,,0.0,-0.0,0.0,,,,
1767724002.9208853,,,,,,,288,,,
1767724002.9353602,,,,,,,,0.0,27.0,0.0
1767724002.9469965,318.2,326.133,-1985.894,,,,,,,
1767724002.9623706,,,,0.0,-0.0,0.0,,,,
1767724002.9718125,,,,,,,289,,,
1767724002.9853458,,,,,,,,0.0,24.0,0.0
1767724002.9976337,318.2,326.133,-1985.894,,,,,,,
1767724003.0116735,,,,0.0,-0.0,0.0,,,,
1767724003.0189352,,,,,,,290,,,
1767724003.03536,,,,,,,,0.0,24.0,0.0
1767724003.0478547,318.2,326.133,220.528,,,,,,,
1767724003.061684,,,,0.0,-0.0,0.0,,,,
1767724003.0695906,,,,,,,291,,,
1767724003.085375,,,,,,,,0.0,21.0,0.0
1767724003.0990174,318.2,326.133,220.369,,,,,,,
1767724003.1116052,,,,0.0,-0.0,0.0,,,,
1767724003.119608,,,,,,,292,,,
1767724003.1355934,,,,,,,,0.0,21.0,0.0
1767724003.1470377,318.2,326.133,220.369,,,,,,,
1767724003.1627235,,,,0.0,-0.0,0.0,,,,
1767724003.1723363,,,,,,,293,,,
1767724003.1854074,,,,,,,,0.0,18.0,0.0
1767724003.1974869,163.314,326.133,115.9805,,,,,,,
1767724003.2115967,,,,0.0,-0.0,0.0,,,,
1767724003.2194595,,,,,,,294,,,
1767724003.2354038,,,,,,,,0.0,18.0,0.0
1767724003.246679,163.314,326.133,115.9805,,,,,,,
1767724003.2627385,,,,0.0,-0.0,0.0,,,,
1767724003.2713969,,,,,,,295,,,
1767724003.2853062,,,,,,,,0.0,15.0,0.0
1767724003.2975075,163.314,326.133,110.1875,,,,,,,
1767724003.3118565,,,,0.0,-0.0,0.0,,,,
1767724003.319279,,,,,,,296,,,
1767724003.3353758,,,,,,,,0.0,15.0,0.0
1767724003.3473637,163.314,419.806,220.338,,,,,,,
1767724003.3625507,,,,0.0,-0.0,0.0,,,,
1767724003.3716168,,,,,,,297,,,
1767724003.3853617,,,,,,,,0.0,12.0,0.0
1767724003.3990302,163.314,419.806,165.025,,,,,,,
1767724003.4116046,,,,0.0,-0.0,0.0,,,,
1767724003.4196057,,,,,,,298,,,
1767724003.435511,,,,,,,,0.0,12.0,0.0
1767724003.4475534,163.314,419.806,165.025,,,,,,,
1767724003.4618592,,,,0.0,-0.0,0.0,,,,
1767724003.4716396,,,,,,,299,,,
1767724003.4853902,,,,,,,,0.0,9.0,0.0
1767724003.498669,163.314,419.806,115.4095,,,,,,,
1767724003.5115047,,,,0.0,-0.0,0.0,,,,
1767724003.5188112,,,,,,,300,,,
1767724003.5353997,,,,,,,,0.0,9.0,0.0
1767724003.547216,163.314,266.631,218.675,,,,,,,
1767724003.561633,,,,0.0,-0.0,0.0,,,,
1767724003.56996,,,,,,,301,,,
1767724003.5866592,,,,,,,,0.0,6.0,0.0
1767724003.597906,163.314,266.631,229.2145,,,,,,,
1767724003.6114213,,,,0.0,-0.0,0.0,,,,
1767724003.6186426,,,,,,,302,,,
1767724003.6353598,,,,,,,,0.0,6.0,0.0
1767724003.647577,163.314,266.631,229.2145,,,,,,,
1767724003.6615758,,,,0.0,-0.0,0.0,,,,
1767724003.669055,,,,,,,303,,,
1767724003.6855466,,,,,,,,0.0,3.0,0.0
1767724003.6975253,163.314,262.0915,114.3575,,,,,,,
1767724003.711549,,,,0.0,-0.0,0.0,,,,
1767724003.7186704,,,,,,,304,,,
1767724003.735409,,,,,,,,0.0,3.0,0.0
1767724003.746721,321.536,262.0915,217.1115,,,,,,,
1767724003.7619274,,,,0.0,-0.0,0.0,,,,
1767724003.7733262,,,,,,,305,,,
1767724003.785343,,,,,,,,0.0,0.0,0.0
1767724003.797129,321.536,262.0915,217.1115,,,,,,,
1767724003.8120925,,,,0.0,-0.0,0.0,,,,
1767724003.8230963,,,,,,,306,,,
1767724003.8359263,,,,,,,,0.0,0.0,0.0
1767724003.8465824,321.536,262.0915,322.168,,,,,,,
1767724003.8625784,,,,0.0,-0.0,0.0,,,,
1767724003.8734972,,,,,,,307,,,
1767724003.8853617,,,,,,,,0.0,-3.0,0.0
1767724003.8971999,321.536,257.926,-835.8405,,,,,,,
1767724003.9118226,,,,0.0,-0.0,0.0,,,,
1767724003.9217088,,,,,,,308,,,
1767724003.9353573,,,,,,,,0.0,-3.0,0.0
1767724003.947516,321.536,257.926,-835.8405,,,,,,,
1767724003.9623523,,,,0.0,-0.0,0.0,,,,
1767724003.9735153,,,,,,,309,,,
1767724003.9855106,,,,,,,,0.0,-6.0,0.0
1767724003.9973297,321.536,257.926,113.5315,,,,,,,
1767724004.011567,,,,0.0,-0.0,0.0,,,,
1767724004.0222094,,,,,,,310,,,
1767724004.0353787,,,,,,,,0.0,-6.0,0.0
1767724004.047621,321.536,257.926,114.8335,,,,,,,
1767724004.061603,,,,0.0,-0.0,0.0,,,,
1767724004.0726264,,,,,,,311,,,
1767724004.0853128,,,,,,,,0.0,-9.0,0.0
1767724004.0991094,321.536,257.926,113.2875,,,,,,,
1767724004.111349,,,,0.0,-0.0,0.0,,,,
1767724004.1181555,,,,,,,312,,,
1767724004.1354952,,,,,,,,0.0,-9.0,0.0
1767724004.1482947,321.536,257.926,318.542,,,,,,,
1767724004.1617796,,,,0.0,-0.0,0.0,,,,
1767724004.170904,,,,,,,313,,,
1767724004.1855006,,,,,,,,0.0,-12.0,0.0
1767724004.1973326,321.536,257.926,318.542,,,,,,,
1767724004.2115114,,,,0.0,-0.0,0.0,,,,
1767724004.219243,,,,,,,314,,,
1767724004.2356215,,,,,,,,0.0,-12.0,0.0
1767724004.2463975,321.536,257.926,112.4655,,,,,,,
1767724004.2618165,,,,0.0,-0.0,0.0,,,,
1767724004.2700803,,,,,,,315,,,
1767724004.2853696,,,,,,,,0.0,-15.0,0.0
1767724004.2975807,321.536,257.926,112.4655,,,,,,,
1767724004.3116333,,,,0.0,-0.0,0.0,,,,
1767724004.3192,,,,,,,316,,,
1767724004.3354943,,,,,,,,0.0,-15.0,0.0
1767724004.3467739,321.536,257.926,212.628,,,,,,,
1767724004.3637176,,,,0.0,-0.0,0.0,,,,
1767724004.3759077,,,,,,,317,,,
1767724004.3853722,,,,,,,,0.0,-18.0,0.0
1767724004.3978698,321.536,257.926,212.628,,,,,,,
1767724004.4119115,,,,0.0,-0.0,0.0,,,,
1767724004.421476,,,,,,,318,,,
1767724004.435428,,,,,,,,0.0,-18.0,0.0
1767724004.446512,321.536,257.926,12.312,,,,,,,
1767724004.4619684,,,,0.0,-0.0,0.0,,,,
1767724004.4723268,,,,,,,319,,,
1767724004.4853926,,,,,,,,0.0,-21.0,0.0
1767724004.4980218,321.536,257.926,211.688,,,,,,,
1767724004.5115886,,,,0.0,-0.0,0.0,,,,
1767724004.519624,,,,,,,320,,,
1767724004.535487,,,,,,,,0.0,-21.0,0.0
1767724004.5492551,321.536,257.926,211.3545,,,,,,,
1767724004.56166,,,,0.0,-0.0,0.0,,,,
1767724004.5691526,,,,,,,321,,,
1767724004.5853333,,,,,,,,0.0,-24.0,0.0
1767724004.599318,321.536,257.926,211.2045,,,,,,,
1767724004.6115413,,,,0.0,-0.0,0.0,,,,
1767724004.6180074,,,,,,,322,,,
1767724004.6355038,,,,,,,,0.0,-24.0,0.0
1767724004.6473713,473.3605,257.926,158.2655,,,,,,,
1767724004.6617863,,,,0.0,-0.0,0.0,,,,
1767724004.6685987,,,,,,,323,,,
1767724004.6855848,,,,,,,,0.0,-27.0,0.0
1767724004.6977875,473.3605,257.926,211.927,,,,,,,
1767724004.7116396,,,,0.0,-0.0,0.0,,,,
1767724004.718121,,,,,,,324,,,
1767724004.7355208,,,,,,,,0.0,-27.0,0.0
1767724004.7462704,473.3605,257.926,211.927,,,,,,,
1767724004.763028,,,,0.0,-0.0,0.0,,,,
1767724004.770714,,,,,,,325,,,
1767724004.785673,,,,,,,,0.0,-30.0,0.0
1767724004.798752,473.3605,257.926,315.067,,,,,,,
1767724004.8118846,,,,0.0,-0.0,0.0,,,,
1767724004.8198664,,,,,,,326,,,
1767724004.8354893,,,,,,,,0.0,-30.0,0.0
1767724004.8476043,473.3605,368.0335,211.296,,,,,,,
1767724004.8621118,,,,0.0,-0.0,0.0,,,,
1767724004.871562,,,,,,,327,,,
1767724004.885398,,,,,,,,0.0,-33.0,0.0
1767724004.899762,473.3605,368.0335,211.296,,,,,,,
1767724004.9117596,,,,0.0,-0.0,0.0,,,,
1767724004.9191818,,,,,,,328,,,
1767724004.9354217,,,,,,,,0.0,-33.0,0.0
1767724004.9479454,473.3605,368.0335,58.63,,,,,,,
1767724004.9620678,,,,0.0,-0.0,0.0,,,,
1767724004.9730988,,,,,,,329,,,
1767724004.9853017,,,,,,,,0.0,-36.0,0.0
1767724004.9976606,473.3605,368.0335,210.787,,,,,,,
1767724005.0117302,,,,0.0,-0.0,0.0,,,,
1767724005.0194185,,,,,,,330,,,
1767724005.0355487,,,,,,,,0.0,-36.0,0.0
1767724005.048708,473.3605,368.0335,210.625,,,,,,,
1767724005.0623507,,,,0.0,-0.0,0.0,,,,
1767724005.0690856,,,,,,,331,,,
1767724005.085416,,,,,,,,0.0,-39.0,0.0
1767724005.099323,473.3605,368.0335,210.5125,,,,,,,
1767724005.1115177,,,,0.0,-0.0,0.0,,,,
1767724005.117275,,,,,,,332,,,
1767724005.1353939,,,,,,,,0.0,-39.0,0.0
1767724005.1471372,473.3605,368.0335,210.3485,,,,,,,
1767724005.1617188,,,,0.0,-0.0,0.0,,,,
1767724005.1697512,,,,,,,333,,,
1767724005.1854155,,,,,,,,0.0,-42.0,0.0
1767724005.1973221,473.3605,368.0335,325.961,,,,,,,
1767724005.2118824,,,,0.0,-0.0,0.0,,,,
1767724005.2198212,,,,,,,334,,,
1767724005.2354133,,,,,,,,0.0,-42.0,0.0
1767724005.246903,473.3605,368.0335,210.169,,,,,,,
1767724005.2642379,,,,0.0,-0.0,0.0,,,,
1767724005.2715445,,,,,,,335,,,
1767724005.285325,,,,,,,,0.0,-45.0,0.0
1767724005.2975698,473.3605,368.0335,210.0155,,,,,,,
1767724005.3122914,,,,0.0,-0.0,0.0,,,,
1767724005.3221233,,,,,,,336,,,
1767724005.3356726,,,,,,,,0.0,-45.0,0.0
1767724005.3461292,473.3605,368.0335,209.8075,,,,,,,
1767724005.3650353,,,,0.0,-0.0,0.0,,,,
1767724005.3761141,,,,,,,337,,,
1767724005.3858726,,,,,,,,0.0,-42.0,0.0
1767724005.3965468,473.3605,362.014,209.6045,,,,,,,
1767724005.4117587,,,,0.0,-0.0,0.0,,,,
1767724005.4198513,,,,,,,338,,,
1767724005.4355555,,,,,,,,0.0,-42.0,0.0
1767724005.4477077,473.3605,362.014,209.6045,,,,,,,
1767724005.4621315,,,,0.0,-0.0,0.0,,,,
1767724005.4727507,,,,,,,339,,,
1767724005.4853516,,,,,,,,0.0,-39.0,0.0
1767724005.4978998,473.3605,362.014,259.254,,,,,,,
1767724005.511834,,,,0.0,-0.0,0.0,,,,
1767724005.517994,,,,,,,340,,,
1767724005.5356143,,,,,,,,0.0,-39.0,0.0
1767724005.5478146,473.3605,362.014,209.296,,,,,,,
1767724005.5614917,,,,0.0,-0.0,0.0,,,,
1767724005.5705514,,,,,,,341,,,
1767724005.5856278,,,,,,,,0.0,-36.0,0.0
1767724005.5991116,470.7805,362.014,222.866,,,,,,,
1767724005.611825,,,,0.0,-0.0,0.0,,,,
1767724005.6189344,,,,,,,342,,,
1767724005.6354613,,,,,,,,0.0,-36.0,0.0
1767724005.6481411,470.7805,362.014,156.86,,,,,,,
1767724005.6616664,,,,0.0,-0.0,0.0,,,,
1767724005.6692486,,,,,,,343,,,
1767724005.6855104,,,,,,,,0.0,-33.0,0.0
1767724005.6986458,470.7805,362.014,156.86,,,,,,,
1767724005.7117064,,,,0.0,-0.0,0.0,,,,
1767724005.718101,,,,,,,344,,,
1767724005.7355628,,,,,,,,0.0,-33.0,0.0
1767724005.7472079,315.346,362.014,208.8925,,,,,,,
1767724005.7617545,,,,0.0,-0.0,0.0,,,,
1767724005.7699804,,,,,,,345,,,
1767724005.7856152,,,,,,,,0.0,-30.0,0.0
1767724005.7982423,315.346,362.014,208.652,,,,,,,
1767724005.8114028,,,,0.0,-0.0,0.0,,,,
1767724005.8181403,,,,,,,346,,,
1767724005.8354259,,,,,,,,0.0,-30.0,0.0
1767724005.8475003,315.346,362.014,208.6075,,,,,,,
1767724005.8620207,,,,0.0,-0.0,0.0,,,,
1767724005.8713024,,,,,,,347,,,
1767724005.8852966,,,,,,,,0.0,-27.0,0.0
1767724005.8982913,315.346,362.014,208.6815,,,,,,,
1767724005.9116967,,,,0.0,-0.0,0.0,,,,
1767724005.9195168,,,,,,,348,,,
1767724005.935513,,,,,,,,0.0,-27.0,0.0
1767724005.9468179,315.125,248.7345,208.4545,,,,,,,
1767724005.961921,,,,0.0,-0.0,0.0,,,,
1767724005.9722056,,,,,,,349,,,
1767724005.98537,,,,,,,,0.0,-24.0,0.0
1767724005.997615,315.125,248.7345,3099.962,,,,,,,
1767724006.0117261,,,,0.0,-0.0,0.0,,,,
1767724006.0186157,,,,,,,350,,,
1767724006.03541,,,,,,,,0.0,-24.0,0.0
1767724006.0476403,315.125,248.7345,208.108,,,,,,,
1767724006.0617023,,,,0.0,-0.0,0.0,,,,
1767724006.0693471,,,,,,,351,,,
1767724006.085399,,,,,,,,0.0,-21.0,0.0
1767724006.098315,314.9475,248.7345,208.0375,,,,,,,
1767724006.111613,,,,0.0,-0.0,0.0,,,,
1767724006.1178727,,,,,,,352,,,
1767724006.135595,,,,,,,,0.0,-21.0,0.0
1767724006.1583357,314.9475,253.411,109.991,,,,,,,
1767724006.1631687,,,,0.0,-0.0,0.0,,,,
1767724006.1713839,,,,,,,353,,,
1767724006.1913333,,,,,,,,0.0,-21.0,0.0
1767724006.201554,314.9475,253.411,109.991,,,,,,,
1767724006.216394,,,,0.0,-0.0,0.0,,,,
1767724006.2405896,,,,,,,,0.0,-18.0,0.0
1767724006.2502968,314.9475,253.411,207.653,,,,,,,
1767724006.2584972,,,,,,,354,,,
1767724006.261695,,,,0.0,-0.0,0.0,,,,
1767724006.2790549,,,,,,,355,,,
1767724006.2862802,,,,,,,,0.0,-18.0,0.0
1767724006.2981517,314.8835,253.411,109.7265,,,,,,,
1767724006.3135574,,,,0.0,-0.0,0.0,,,,
1767724006.317837,,,,,,,356,,,
1767724006.3368976,,,,,,,,0.0,-15.0,0.0
1767724006.3476553,314.8835,253.411,207.034,,,,,,,
1767724006.3645856,,,,0.0,-0.0,0.0,,,,
1767724006.3756177,,,,,,,357,,,
1767724006.3854682,,,,,,,,0.0,-15.0,0.0
1767724006.3969202,314.8835,253.411,207.034,,,,,,,
1767724006.4118326,,,,0.0,-0.0,0.0,,,,
1767724006.42239,,,,,,,358,,,
1767724006.4358528,,,,,,,,0.0,-12.0,0.0
1767724006.4463794,314.8835,253.411,109.425,,,,,,,
1767724006.4617968,,,,0.0,-0.0,0.0,,,,
1767724006.4728816,,,,,,,359,,,
1767724006.4853525,,,,,,,,0.0,-12.0,0.0
1767724006.4985435,314.8835,253.411,206.2745,,,,,,,
1767724006.511524,,,,0.0,-0.0,0.0,,,,
1767724006.5216491,,,,,,,360,,,
1767724006.5354743,,,,,,,,0.0,-9.0,0.0
1767724006.5478745,314.8835,253.411,206.085,,,,,,,
1767724006.561386,,,,0.0,-0.0,0.0,,,,
1767724006.570645,,,,,,,361,,,
1767724006.585358,,,,,,,,0.0,-9.0,0.0
1767724006.5969403,314.8835,253.411,206.0,,,,,,,
1767724006.6117826,,,,0.0,-0.0,0.0,,,,
1767724006.6206415,,,,,,,362,,,
1767724006.6354725,,,,,,,,0.0,-6.0,0.0
1767724006.6469615,314.8835,253.411,206.0,,,,,,,
1767724006.6614172,,,,0.0,-0.0,0.0,,,,
1767724006.6706507,,,,,,,363,,,
1767724006.6853526,,,,,,,,0.0,-6.0,0.0
1767724006.6978257,314.8835,7.6575,204.796,,,,,,,
1767724006.711722,,,,0.0,-0.0,0.0,,,,
1767724006.7189553,,,,,,,364,,,
1767724006.735511,,,,,,,,0.0,-3.0,0.0
1767724006.7465258,314.8835,7.6575,-1028.331,,,,,,,
1767724006.7616806,,,,0.0,-0.0,0.0,,,,
1767724006.7762039,,,,,,,365,,,
1767724006.7885756,,,,,,,,0.0,-3.0,0.0
1767724006.7971745,314.8835,7.6575,204.1795,,,,,,,
1767724006.8122811,,,,0.0,-0.0,0.0,,,,
1767724006.8167088,,,,,,,366,,,
1767724006.83668,,,,,,,,0.0,0.0,0.0
1767724006.8465471,314.8835,7.6575,303.4265,,,,,,,
1767724006.8625367,,,,0.0,-0.0,0.0,,,,
1767724006.8668957,,,,,,,367,,,
1767724006.8854601,,,,,,,,0.0,0.0,0.0
1767724006.899577,314.8835,7.6575,303.4265,,,,,,,
1767724006.9120195,,,,0.0,-0.0,0.0,,,,
1767724006.9170742,,,,,,,368,,,
1767724006.9355428,,,,,,,,0.0,3.0,0.0
1767724006.947291,314.8835,7.6575,106.0035,,,,,,,
1767724006.9617672,,,,0.0,-0.0,0.0,,,,
1767724006.9690595,,,,,,,369,,,
1767724006.9856281,,,,,,,,0.0,3.0,0.0
1767724006.9966288,314.8835,7.6575,106.0035,,,,,,,
1767724007.0113869,,,,0.0,-0.0,0.0,,,,
1767724007.0188098,,,,,,,370,,,
1767724007.0355995,,,,,,,,0.0,6.0,0.0
1767724007.0464818,314.8835,7.6575,202.326,,,,,,,
1767724007.0617685,,,,0.0,-0.0,0.0,,,,
1767724007.0743015,,,,,,,371,,,
1767724007.0853379,,,,,,,,0.0,6.0,0.0
1767724007.0978413,314.8835,7.6575,202.326,,,,,,,
1767724007.1116903,,,,0.0,-0.0,0.0,,,,
1767724007.1210444,,,,,,,372,,,
1767724007.1355138,,,,,,,,0.0,9.0,0.0
1767724007.1468508,314.8835,7.6575,202.326,,,,,,,
1767724007.1615107,,,,0.0,-0.0,0.0,,,,
1767724007.172557,,,,,,,373,,,
1767724007.1853535,,,,,,,,0.0,9.0,0.0
1767724007.1981456,159.96,7.6575,202.4545,,,,,,,
1767724007.2115364,,,,0.0,-0.0,0.0,,,,
1767724007.219428,,,,,,,374,,,
1767724007.2355232,,,,,,,,0.0,12.0,0.0
1767724007.2489698,159.96,288.82,202.2805,,,,,,,
1767724007.261377,,,,0.0,-0.0,0.0,,,,
1767724007.269866,,,,,,,375,,,
1767724007.285481,,,,,,,,0.0,12.0,0.0
1767724007.298023,159.96,288.82,202.232,,,,,,,
1767724007.311381,,,,0.0,-0.0,0.0,,,,
1767724007.3178136,,,,,,,376,,,
1767724007.335457,,,,,,,,0.0,15.0,0.0
1767724007.347681,159.96,288.82,202.0145,,,,,,,
1767724007.361723,,,,0.0,-0.0,0.0,,,,
1767724007.3721344,,,,,,,377,,,
1767724007.3853347,,,,,,,,0.0,15.0,0.0
1767724007.3973603,311.5515,288.82,201.702,,,,,,,
1767724007.4116068,,,,0.0,-0.0,0.0,,,,
1767724007.4169567,,,,,,,378,,,
1767724007.4358447,,,,,,,,0.0,18.0,0.0
1767724007.446733,311.5515,296.757,201.6805,,,,,,,
1767724007.4619303,,,,0.0,-0.0,0.0,,,,
1767724007.4750888,,,,,,,379,,,
1767724007.4855192,,,,,,,,0.0,18.0,0.0
1767724007.4968274,311.5515,296.757,201.6745,,,,,,,
1767724007.51183,,,,0.0,-0.0,0.0,,,,
1767724007.5206969,,,,,,,380,,,
1767724007.5357585,,,,,,,,0.0,21.0,0.0
1767724007.5476043,311.5515,296.757,201.6745,,,,,,,
1767724007.5615113,,,,0.0,-0.0,0.0,,,,
1767724007.5721357,,,,,,,381,,,
1767724007.5854886,,,,,,,,0.0,21.0,0.0
1767724007.5988703,311.5515,304.819,216.43,,,,,,,
1767724007.6115234,,,,0.0,-0.0,0.0,,,,
1767724007.619187,,,,,,,382,,,
1767724007.6358137,,,,,,,,0.0,24.0,0.0
1767724007.6470566,311.5515,304.819,216.43,,,,,,,
1767724007.6615257,,,,0.0,-0.0,0.0,,,,
1767724007.6713831,,,,,,,383,,,
1767724007.6854057,,,,,,,,0.0,24.0,0.0
1767724007.6979954,311.5515,304.819,106.436,,,,,,,
1767724007.7116125,,,,0.0,-0.0,0.0,,,,
1767724007.7181525,,,,,,,384,,,
1767724007.7356598,,,,,,,,0.0,27.0,0.0
1767724007.7468355,311.5515,304.819,201.1995,,,,,,,
1767724007.7616801,,,,0.0,-0.0,0.0,,,,
1767724007.7715101,,,,,,,385,,,
1767724007.7853553,,,,,,,,0.0,27.0,0.0
1767724007.7985919,311.5515,312.8835,201.1995,,,,,,,
1767724007.8114858,,,,0.0,-0.0,0.0,,,,
1767724007.8168118,,,,,,,386,,,
1767724007.8356836,,,,,,,,0.0,30.0,0.0
1767724007.8470874,311.5515,312.8835,201.759,,,,,,,
1767724007.8619196,,,,0.0,-0.0,0.0,,,,
1767724007.873363,,,,,,,387,,,
1767724007.885408,,,,,,,,0.0,30.0,0.0
1767724007.8986385,311.5515,312.8835,201.977,,,,,,,
1767724007.91169,,,,0.0,-0.0,0.0,,,,
1767724007.9185708,,,,,,,388,,,
1767724007.9358857,,,,,,,,0.0,33.0,0.0
1767724007.9464843,311.5515,320.644,202.0585,,,,,,,
1767724007.9615886,,,,0.0,-0.0,0.0,,,,
1767724007.97363,,,,,,,389,,,
1767724007.9853716,,,,,,,,0.0,33.0,0.0
1767724007.9981513,311.5515,320.644,202.212,,,,,,,
1767724008.0115275,,,,0.0,-0.0,0.0,,,,
1767724008.0203106,,,,,,,390,,,
1767724008.0356214,,,,,,,,0.0,36.0,0.0
1767724008.047072,311.5515,320.644,202.303,,,,,,,
1767724008.0617366,,,,0.0,-0.0,0.0,,,,
1767724008.0717266,,,,,,,391,,,
1767724008.085351,,,,,,,,0.0,36.0,0.0
1767724008.0981395,311.5515,320.644,202.303,,,,,,,
1767724008.1115186,,,,0.0,-0.0,0.0,,,,
1767724008.1177135,,,,,,,392,,,
1767724008.136479,,,,,,,,0.0,39.0,0.0
1767724008.147834,311.5515,320.644,107.288,,,,,,,
1767724008.1614728,,,,0.0,-0.0,0.0,,,,
1767724008.1692436,,,,,,,393,,,
1767724008.1853628,,,,,,,,0.0,39.0,0.0
1767724008.1978264,311.5515,320.644,107.67,,,,,,,
1767724008.2113967,,,,0.0,-0.0,0.0,,,,
1767724008.216984,,,,,,,394,,,
1767724008.23585,,,,,,,,0.0,42.0,0.0
1767724008.2473645,311.5515,320.644,107.67,,,,,,,
1767724008.261641,,,,0.0,-0.0,0.0,,,,
1767724008.271589,,,,,,,395,,,
1767724008.2853992,,,,,,,,0.0,42.0,0.0
1767724008.2981637,159.192,320.644,203.3755,,,,,,,
1767724008.3113775,,,,0.0,-0.0,0.0,,,,
1767724008.3167772,,,,,,,396,,,
1767724008.3356714,,,,,,,,0.0,45.0,0.0
1767724008.3465953,159.192,320.644,107.862,,,,,,,
1767724008.3621655,,,,0.0,-0.0,0.0,,,,
1767724008.3736255,,,,,,,397,,,
1767724008.3858058,,,,,,,,0.0,45.0,0.0
1767724008.3988092,159.192,320.644,107.862,,,,,,,
1767724008.4115503,,,,0.0,-0.0,0.0,,,,
1767724008.4184883,,,,,,,398,,,
1767724008.4356787,,,,,,,,0.0,48.0,0.0
1767724008.4471986,310.808,320.644,204.2135,,,,,,,
1767724008.4616172,,,,0.0,-0.0,0.0,,,,
1767724008.4737444,,,,,,,399,,,
1767724008.4853842,,,,,,,,0.0,48.0,0.0
1767724008.4983597,310.808,86.677,204.4625,,,,,,,
1767724008.5121279,,,,0.0,-0.0,0.0,,,,
1767724008.5200346,,,,,,,400,,,
1767724008.535862,,,,,,,,0.0,51.0,0.0
1767724008.5471709,310.808,86.677,204.6885,,,,,,,
1767724008.5616386,,,,0.0,-0.0,0.0,,,,
1767724008.5716422,,,,,,,401,,,
1767724008.5855198,,,,,,,,0.0,51.0,0.0
1767724008.597781,310.808,86.677,204.653,,,,,,,
1767724008.6118693,,,,0.0,-0.0,0.0,,,,
1767724008.6196635,,,,,,,402,,,
1767724008.635777,,,,,,,,0.0,54.0,0.0
1767724008.647257,310.808,86.677,204.653,,,,,,,
1767724008.6616096,,,,0.0,-0.0,0.0,,,,
1767724008.671867,,,,,,,403,,,
1767724008.6854174,,,,,,,,0.0,54.0,0.0
1767724008.6973474,310.808,86.677,108.2135,,,,,,,
1767724008.7115128,,,,0.0,-0.0,0.0,,,,
1767724008.7176254,,,,,,,404,,,
1767724008.7355952,,,,,,,,0.0,57.0,0.0
1767724008.7466757,310.808,86.677,205.507,,,,,,,
1767724008.7616706,,,,0.0,-0.0,0.0,,,,
1767724008.7715158,,,,,,,405,,,
1767724008.7855723,,,,,,,,0.0,57.0,0.0
1767724008.7968414,310.808,86.677,205.7865,,,,,,,
1767724008.8114169,,,,0.0,-0.0,0.0,,,,
1767724008.8175223,,,,,,,406,,,
1767724008.8355775,,,,,,,,0.0,60.0,0.0
1767724008.8467898,310.808,86.677,154.6125,,,,,,,
1767724008.8619833,,,,0.0,-0.0,0.0,,,,
1767724008.8717928,,,,,,,407,,,
1767724008.8855405,,,,,,,,0.0,60.0,0.0
1767724008.8987703,310.808,86.677,154.6125,,,,,,,
1767724008.9115286,,,,0.0,-0.0,0.0,,,,
1767724008.9176354,,,,,,,408,,,
1767724008.9356158,,,,,,,,0.0,63.0,0.0
1767724008.947282,310.808,86.677,154.6125,,,,,,,
1767724008.9620216,,,,0.0,-0.0,0.0,,,,
1767724008.975266,,,,,,,409,,,
1767724008.9853244,,,,,,,,0.0,63.0,0.0
1767724008.9976165,310.808,86.677,206.707,,,,,,,
1767724009.0116467,,,,0.0,-0.0,0.0,,,,
1767724009.0206761,,,,,,,410,,,
1767724009.036024,,,,,,,,0.0,66.0,0.0
1767724009.0476673,310.808,86.677,206.844,,,,,,,
1767724009.0614974,,,,0.0,-0.0,0.0,,,,
1767724009.0716543,,,,,,,411,,,
1767724009.0854099,,,,,,,,0.0,66.0,0.0
1767724009.0982347,310.808,360.3885,207.1795,,,,,,,
1767724009.1115124,,,,0.0,-0.0,0.0,,,,
1767724009.1181297,,,,,,,412,,,
1767724009.1357934,,,,,,,,0.0,69.0,0.0
1767724009.147228,310.808,360.3885,207.3295,,,,,,,
1767724009.1615913,,,,0.0,-0.0,0.0,,,,
1767724009.1707194,,,,,,,413,,,
1767724009.1855006,,,,,,,,0.0,69.0,0.0
1767724009.1979551,310.808,360.3885,207.5115,,,,,,,
1767724009.2115076,,,,0.0,-0.0,0.0,,,,
1767724009.218688,,,,,,,414,,,
1767724009.235582,,,,,,,,0.0,72.0,0.0
1767724009.2471805,310.808,365.6125,206.453,,,,,,,
1767724009.2617092,,,,0.0,-0.0,0.0,,,,
1767724009.2706165,,,,,,,415,,,
1767724009.2853441,,,,,,,,0.0,72.0,0.0
1767724009.2982907,310.808,365.6125,206.7095,,,,,,,
1767724009.31146,,,,0.0,-0.0,0.0,,,,
1767724009.317593,,,,,,,416,,,
1767724009.3357482,,,,,,,,0.0,69.0,0.0
1767724009.3473916,310.808,365.6125,207.098,,,,,,,
1767724009.3619282,,,,0.0,-0.0,0.0,,,,
1767724009.3735743,,,,,,,417,,,
1767724009.3853986,,,,,,,,0.0,69.0,0.0
1767724009.3995297,160.34,365.6125,207.517,,,,,,,
1767724009.4118707,,,,0.0,-0.0,0.0,,,,
1767724009.419213,,,,,,,418,,,
1767724009.4356976,,,,,,,,0.0,66.0,0.0
1767724009.4466999,160.34,369.9795,155.689,,,,,,,
1767724009.4615488,,,,0.0,-0.0,0.0,,,,
1767724009.4719121,,,,,,,419,,,
1767724009.4853613,,,,,,,,0.0,66.0,0.0
1767724009.4978044,160.34,369.9795,155.689,,,,,,,
1767724009.5115006,,,,0.0,-0.0,0.0,,,,
1767724009.518175,,,,,,,420,,,
1767724009.5357642,,,,,,,,0.0,63.0,0.0
1767724009.5479157,313.3015,369.9795,207.7345,,,,,,,
1767724009.561508,,,,0.0,-0.0,0.0,,,,
1767724009.5694747,,,,,,,421,,,
1767724009.5855088,,,,,,,,0.0,63.0,0.0
1767724009.5975316,313.3015,367.2965,207.7185,,,,,,,
1767724009.6116838,,,,0.0,-0.0,0.0,,,,
1767724009.6195705,,,,,,,422,,,
1767724009.635676,,,,,,,,0.0,63.0,0.0
1767724009.6476312,313.3015,367.2965,207.755,,,,,,,
1767724009.661494,,,,0.0,-0.0,0.0,,,,
1767724009.670681,,,,,,,423,,,
1767724009.685346,,,,,,,,0.0,60.0,0.0
1767724009.6994238,313.3015,367.2965,207.795,,,,,,,
1767724009.7118392,,,,0.0,-0.0,0.0,,,,
1767724009.7186625,,,,,,,424,,,
1767724009.7355833,,,,,,,,0.0,60.0,0.0
1767724009.7471156,313.6475,367.2965,208.1795,,,,,,,
1767724009.7616866,,,,0.0,-0.0,0.0,,,,
1767724009.7720761,,,,,,,425,,,
1767724009.7853675,,,,,,,,0.0,57.0,0.0
1767724009.7971857,313.6475,363.5425,208.9555,,,,,,,
1767724009.8113456,,,,0.0,-0.0,0.0,,,,
1767724009.817859,,,,,,,426,,,
1767724009.8356225,,,,,,,,0.0,57.0,0.0
1767724009.8474152,313.6475,363.5425,157.356,,,,,,,
1767724009.861899,,,,0.0,-0.0,0.0,,,,
1767724009.872797,,,,,,,427,,,
1767724009.8854818,,,,,,,,0.0,54.0,0.0
1767724009.8986666,317.3165,363.5425,8.7995,,,,,,,
1767724009.9116857,,,,0.0,-0.0,0.0,,,,
1767724009.9167786,,,,,,,428,,,
1767724009.9358697,,,,,,,,0.0,54.0,0.0
1767724009.946571,317.3165,356.9805,8.7995,,,,,,,
1767724009.961574,,,,0.0,-0.0,0.0,,,,
1767724009.96654,,,,,,,429,,,
1767724009.9867065,,,,,,,,0.0,51.0,0.0
1767724009.997699,317.3165,356.9805,211.481,,,,,,,
1767724010.0125694,,,,0.0,-0.0,0.0,,,,
1767724010.016583,,,,,,,430,,,
1767724010.0366263,,,,,,,,0.0,51.0,0.0
1767724010.0475996,317.3165,356.9805,211.7975,,,,,,,
1767724010.0618439,,,,0.0,-0.0,0.0,,,,
1767724010.0678678,,,,,,,431,,,
1767724010.0855248,,,,,,,,0.0,48.0,0.0
1767724010.0974274,317.3165,356.9805,112.0715,,,,,,,
1767724010.112569,,,,0.0,-0.0,0.0,,,,
1767724010.116371,,,,,,,432,,,
1767724010.1358097,,,,,,,,0.0,48.0,0.0
1767724010.1465185,314.957,341.692,112.0715,,,,,,,
1767724010.1625574,,,,0.0,-0.0,0.0,,,,
1767724010.1674113,,,,,,,433,,,
1767724010.1863642,,,,,,,,0.0,45.0,0.0
1767724010.1963928,314.957,341.692,213.5815,,,,,,,
1767724010.2118382,,,,0.0,-0.0,0.0,,,,
1767724010.216555,,,,,,,434,,,
1767724010.235827,,,,,,,,0.0,45.0,0.0
1767724010.2463527,314.957,341.692,213.5815,,,,,,,
1767724010.2615087,,,,0.0,-0.0,0.0,,,,
1767724010.2669835,,,,,,,435,,,
1767724010.285482,,,,,,,,0.0,42.0,0.0
1767724010.296393,314.957,328.127,114.3555,,,,,,,
1767724010.311536,,,,0.0,-0.0,0.0,,,,
1767724010.3178768,,,,,,,436,,,
1767724010.3366034,,,,,,,,0.0,42.0,0.0
1767724010.3468359,314.957,328.127,216.4545,,,,,,,
1767724010.361425,,,,0.0,-0.0,0.0,,,,
1767724010.3668077,,,,,,,437,,,
1767724010.386006,,,,,,,,0.0,39.0,0.0
1767724010.3974774,314.957,328.127,216.5185,,,,,,,
1767724010.4114873,,,,0.0,-0.0,0.0,,,,
1767724010.4161794,,,,,,,438,,,
1767724010.4367235,,,,,,,,0.0,39.0,0.0
1767724010.4477382,314.957,328.127,216.5185,,,,,,,
1767724010.4625735,,,,0.0,-0.0,0.0,,,,
1767724010.4668193,,,,,,,439,,,
1767724010.485396,,,,,,,,0.0,36.0,0.0
1767724010.4981647,314.957,313.9845,216.515,,,,,,,
1767724010.5125976,,,,0.0,-0.0,0.0,,,,
1767724010.516412,,,,,,,440,,,
1767724010.536062,,,,,,,,0.0,36.0,0.0
1767724010.5482485,314.957,313.9845,217.268,,,,,,,
1767724010.5625212,,,,0.0,-0.0,0.0,,,,
1767724010.566659,,,,,,,441,,,
1767724010.585507,,,,,,,,0.0,33.0,0.0
1767724010.5977204,314.957,313.9845,217.534,,,,,,,
1767724010.6125944,,,,0.0,-0.0,0.0,,,,
1767724010.6168287,,,,,,,442,,,
1767724010.6369715,,,,,,,,0.0,33.0,0.0
1767724010.6490638,314.957,300.727,217.562,,,,,,,
1767724010.661625,,,,0.0,-0.0,0.0,,,,
1767724010.667057,,,,,,,443,,,
1767724010.6853626,,,,,,,,0.0,30.0,0.0
1767724010.6965656,314.957,300.727,218.1915,,,,,,,
1767724010.7117023,,,,0.0,-0.0,0.0,,,,
1767724010.7163785,,,,,,,444,,,
1767724010.737374,,,,,,,,0.0,30.0,0.0
1767724010.748559,314.957,300.727,218.2675,,,,,,,
1767724010.7645705,,,,0.0,-0.0,0.0,,,,
1767724010.7676604,,,,,,,445,,,
1767724010.7883875,,,,,,,,0.0,27.0,0.0
1767724010.7972283,314.957,300.727,114.9645,,,,,,,
1767724010.811805,,,,0.0,-0.0,0.0,,,,
1767724010.8169336,,,,,,,446,,,
1767724010.836593,,,,,,,,0.0,27.0,0.0
1767724010.8464649,314.957,289.6945,213.0665,,,,,,,
1767724010.8615875,,,,0.0,-0.0,0.0,,,,
1767724010.8667765,,,,,,,447,,,
1767724010.885387,,,,,,,,0.0,24.0,0.0
1767724010.8984983,162.45,289.6945,219.204,,,,,,,
1767724010.9125464,,,,0.0,-0.0,0.0,,,,
1767724010.9169075,,,,,,,448,,,
1767724010.9378438,,,,,,,,0.0,24.0,0.0
1767724010.946685,162.45,289.6945,219.2715,,,,,,,
1767724010.9614816,,,,0.0,-0.0,0.0,,,,
1767724010.9668074,,,,,,,449,,,
1767724010.986469,,,,,,,,0.0,21.0,0.0
1767724010.9966135,162.45,289.6945,219.2745,,,,,,,
1767724011.0118074,,,,0.0,-0.0,0.0,,,,
1767724011.0178404,,,,,,,450,,,
1767724011.036602,,,,,,,,0.0,21.0,0.0
1767724011.04657,162.45,289.6945,219.2745,,,,,,,
1767724011.0614576,,,,0.0,-0.0,0.0,,,,
1767724011.0710404,,,,,,,451,,,
1767724011.0864046,,,,,,,,0.0,18.0,0.0
1767724011.096485,162.45,289.6945,219.5465,,,,,,,
1767724011.1117678,,,,0.0,-0.0,0.0,,,,
1767724011.1167707,,,,,,,452,,,
1767724011.13557,,,,,,,,0.0,18.0,0.0
1767724011.1465955,162.45,289.6945,219.5465,,,,,,,
1767724011.1615205,,,,0.0,-0.0,0.0,,,,
1767724011.1690047,,,,,,,453,,,
1767724011.1869633,,,,,,,,0.0,15.0,0.0
1767724011.1964731,162.45,289.6945,115.7835,,,,,,,
1767724011.2117746,,,,0.0,-0.0,0.0,,,,
1767724011.2242525,,,,,,,454,,,
1767724011.2356565,,,,,,,,0.0,15.0,0.0
1767724011.2470543,162.45,289.6945,115.7835,,,,,,,
1767724011.2614682,,,,0.0,-0.0,0.0,,,,
1767724011.2678843,,,,,,,455,,,
1767724011.285664,,,,,,,,0.0,12.0,0.0
1767724011.2979307,162.45,289.6945,115.527,,,,,,,
1767724011.311928,,,,0.0,-0.0,0.0,,,,
1767724011.317034,,,,,,,456,,,
1767724011.3371902,,,,,,,,0.0,12.0,0.0
1767724011.3475876,162.45,289.6945,219.144,,,,,,,
1767724011.3622177,,,,0.0,-0.0,0.0,,,,
1767724011.370637,,,,,,,457,,,
1767724011.3864539,,,,,,,,0.0,9.0,0.0
1767724011.3964205,162.45,145.5995,218.7885,,,,,,,
1767724011.412849,,,,0.0,-0.0,0.0,,,,
1767724011.4162672,,,,,,,458,,,
1767724011.436898,,,,,,,,0.0,9.0,0.0
1767724011.4475973,162.45,145.5995,218.596,,,,,,,
1767724011.4615152,,,,0.0,-0.0,0.0,,,,
1767724011.4665756,,,,,,,459,,,
1767724011.486184,,,,,,,,0.0,6.0,0.0
1767724011.4965203,162.45,145.5995,218.596,,,,,,,
1767724011.5124238,,,,0.0,-0.0,0.0,,,,
1767724011.5160537,,,,,,,460,,,
1767724011.538582,,,,,,,,0.0,6.0,0.0
1767724011.546843,162.45,145.5995,217.6385,,,,,,,
1767724011.5613148,,,,0.0,-0.0,0.0,,,,
1767724011.5664954,,,,,,,461,,,
1767724011.585574,,,,,,,,0.0,3.0,0.0
1767724011.5963812,162.45,145.5995,217.071,,,,,,,
1767724011.6114848,,,,0.0,-0.0,0.0,,,,
1767724011.6167235,,,,,,,462,,,
1767724011.6366355,,,,,,,,0.0,3.0,0.0
1767724011.6469328,162.45,145.5995,113.5405,,,,,,,
1767724011.6626904,,,,0.0,-0.0,0.0,,,,
1767724011.6681776,,,,,,,463,,,
1767724011.6854951,,,,,,,,0.0,0.0,0.0
1767724011.6962776,162.45,145.5995,113.5405,,,,,,,
1767724011.7125666,,,,0.0,-0.0,0.0,,,,
1767724011.7169855,,,,,,,464,,,
1767724011.7367258,,,,,,,,0.0,0.0,0.0
1767724011.7472863,162.45,145.5995,227.4295,,,,,,,
1767724011.7614133,,,,0.0,-0.0,0.0,,,,
1767724011.7666776,,,,,,,465,,,
1767724011.7855358,,,,,,,,0.0,-3.0,0.0
1767724011.7971663,163.698,145.5995,227.4295,,,,,,,
1767724011.8126397,,,,0.0,-0.0,0.0,,,,
1767724011.822916,,,,,,,466,,,
1767724011.8371854,,,,,,,,0.0,-3.0,0.0
1767724011.8468869,163.698,145.5995,113.5325,,,,,,,
1767724011.8615344,,,,0.0,-0.0,0.0,,,,
1767724011.8736734,,,,,,,467,,,
1767724011.8862016,,,,,,,,0.0,-6.0,0.0
1767724011.897542,163.698,145.5995,113.5325,,,,,,,
1767724011.9117045,,,,0.0,-0.0,0.0,,,,
1767724011.9188962,,,,,,,468,,,
1767724011.9363532,,,,,,,,0.0,-6.0,0.0
1767724011.9481263,163.698,254.8555,113.15,,,,,,,
1767724011.9616997,,,,0.0,-0.0,0.0,,,,
1767724011.9664855,,,,,,,469,,,
1767724011.986733,,,,,,,,0.0,-9.0,0.0
1767724011.9978292,163.698,254.8555,321.062,,,,,,,
1767724012.013638,,,,0.0,-0.0,0.0,,,,
1767724012.0214891,,,,,,,470,,,
1767724012.0376625,,,,,,,,0.0,-9.0,0.0
1767724012.0509295,163.698,254.8555,321.062,,,,,,,
1767724012.062932,,,,0.0,-0.0,0.0,,,,
1767724012.0668764,,,,,,,471,,,
1767724012.0853992,,,,,,,,0.0,-12.0,0.0
1767724012.096964,163.698,254.8555,264.6835,,,,,,,
1767724012.111382,,,,0.0,-0.0,0.0,,,,
1767724012.1196895,,,,,,,472,,,
1767724012.1354513,,,,,,,,0.0,-12.0,0.0
1767724012.1553488,163.698,251.4885,264.6835,,,,,,,
1767724012.1910236,,,,0.0,-0.0,0.0,,,,
1767724012.1995165,163.698,251.4885,264.6835,,,,,,,
1767724012.201937,,,,,,,473,,,
1767724012.2141767,,,,0.0,-0.0,0.0,,,,
1767724012.219271,,,,,,,,0.0,-15.0,0.0
1767724012.2311256,,,,,,,474,,,
1767724012.249897,163.698,251.4885,212.649,,,,,,,
1767724012.2545877,,,,,,,,0.0,-15.0,0.0
1767724012.2621977,,,,0.0,-0.0,0.0,,,,
1767724012.269062,,,,,,,475,,,
1767724012.2880607,,,,,,,,0.0,-18.0,0.0
1767724012.2994578,163.698,248.7705,212.025,,,,,,,
1767724012.3135645,,,,0.0,-0.0,0.0,,,,
1767724012.3231683,,,,,,,476,,,
1767724012.3377395,,,,,,,,0.0,-18.0,0.0
1767724012.346666,163.698,248.7705,211.8685,,,,,,,
1767724012.3615487,,,,0.0,-0.0,0.0,,,,
1767724012.3712196,,,,,,,477,,,
1767724012.385668,,,,,,,,0.0,-21.0,0.0
1767724012.3980997,163.698,248.7705,212.3705,,,,,,,
1767724012.4118865,,,,0.0,-0.0,0.0,,,,
1767724012.4174068,,,,,,,478,,,
1767724012.435712,,,,,,,,0.0,-21.0,0.0
1767724012.4477053,163.698,248.7705,212.1535,,,,,,,
1767724012.4615355,,,,0.0,-0.0,0.0,,,,
1767724012.4717147,,,,,,,479,,,
1767724012.4875665,,,,,,,,0.0,-24.0,0.0
1767724012.4962835,163.698,246.887,211.9685,,,,,,,
1767724012.5128403,,,,0.0,-0.0,0.0,,,,
1767724012.5191963,,,,,,,480,,,
1767724012.5354261,,,,,,,,0.0,-24.0,0.0
1767724012.5492282,163.698,246.887,211.7715,,,,,,,
1767724012.561702,,,,0.0,-0.0,0.0,,,,
1767724012.5693038,,,,,,,481,,,
1767724012.5862494,,,,,,,,0.0,-27.0,0.0
1767724012.5986578,163.698,246.887,211.7715,,,,,,,
1767724012.6125977,,,,0.0,-0.0,0.0,,,,
1767724012.6187458,,,,,,,482,,,
1767724012.6355326,,,,,,,,0.0,-27.0,0.0
1767724012.6489217,163.698,245.589,211.7715,,,,,,,
1767724012.6617904,,,,0.0,-0.0,0.0,,,,
1767724012.6726384,,,,,,,483,,,
1767724012.6853669,,,,,,,,0.0,-30.0,0.0
1767724012.697726,163.698,245.589,211.318,,,,,,,
1767724012.7119873,,,,0.0,-0.0,0.0,,,,
1767724012.7186656,,,,,,,484,,,
1767724012.7356057,,,,,,,,0.0,-30.0,0.0
1767724012.7477467,162.6895,245.589,210.977,,,,,,,
1767724012.7613974,,,,0.0,-0.0,0.0,,,,
1767724012.770809,,,,,,,485,,,
1767724012.78536,,,,,,,,0.0,-33.0,0.0
1767724012.7978861,162.6895,245.589,210.712,,,,,,,
1767724012.8121374,,,,0.0,-0.0,0.0,,,,
1767724012.8186455,,,,,,,486,,,
1767724012.8358028,,,,,,,,0.0,-33.0,0.0
1767724012.8530784,162.6895,244.5405,210.6875,,,,,,,
1767724012.8635316,,,,0.0,-0.0,0.0,,,,
1767724012.8744934,,,,,,,487,,,
1767724012.8895738,,,,,,,,0.0,-36.0,0.0
1767724012.9006295,162.6895,244.5405,210.658,,,,,,,
1767724012.912378,,,,0.0,-0.0,0.0,,,,
1767724012.920923,,,,,,,488,,,
1767724012.9359493,,,,,,,,0.0,-36.0,0.0
1767724012.9505322,162.6895,244.5405,210.408,,,,,,,
1767724012.963168,,,,0.0,-0.0,0.0,,,,
1767724012.9754026,,,,,,,489,,,
1767724012.9889686,,,,,,,,0.0,-39.0,0.0
1767724012.9988365,162.6895,243.8275,210.3345,,,,,,,
1767724013.0136728,,,,0.0,-0.0,0.0,,,,
1767724013.0191197,,,,,,,490,,,
1767724013.0372484,,,,,,,,0.0,-39.0,0.0
1767724013.050539,162.6895,243.8275,-415.894,,,,,,,
1767724013.0648143,,,,0.0,-0.0,0.0,,,,
1767724013.076812,,,,,,,491,,,
1767724013.0867007,,,,,,,,0.0,-39.0,0.0
1767724013.0998492,162.6895,243.8275,-415.894,,,,,,,
1767724013.1136312,,,,0.0,-0.0,0.0,,,,
1767724013.1182923,,,,,,,492,,,
1767724013.1373022,,,,,,,,0.0,-39.0,0.0
1767724013.1499019,162.6895,243.8275,110.8805,,,,,,,
1767724013.1646369,,,,0.0,-0.0,0.0,,,,
1767724013.1690226,,,,,,,493,,,
1767724013.188244,,,,,,,,0.0,-39.0,0.0
1767724013.1975322,162.6895,243.8275,209.8025,,,,,,,
1767724013.2126296,,,,0.0,-0.0,0.0,,,,
1767724013.2177577,,,,,,,494,,,
1767724013.2369294,,,,,,,,0.0,-39.0,0.0
1767724013.2460675,162.6895,243.8275,222.9435,,,,,,,
1767724013.261598,,,,0.0,-0.0,0.0,,,,
1767724013.2731698,,,,,,,495,,,
1767724013.2853754,,,,,,,,0.0,-39.0,0.0
1767724013.2978294,315.7825,243.8275,222.9435,,,,,,,
1767724013.3115976,,,,0.0,-0.0,0.0,,,,
1767724013.3198578,,,,,,,496,,,
1767724013.3357482,,,,,,,,0.0,-39.0,0.0
1767724013.34723,315.7825,243.8275,110.84,,,,,,,
